,Crash County Description,Crash Severity Description,Reportnumber,Agencyname,CollisionImpact Description,FunctionalClass Description,ImpairedCrash,Large Vehicle Involved,Motorcycle Crash,Non-Motorist Crash,RoadName,Route Number,RouteType Description,Unrestrained Occupants,WithinDateRange,Work Zone Related,Crashdate,LOD Crash Date,Crashhour,AgencyCode,CollisionImpact,Crash County,Crash Severity,Crash Within Interchange,CrashInterchangeApproaches,CrashPoint,Crashtime,CrashYear,Dayofweek,FirstHarmEvent,FirstHarmEvent Description,FirstHarmLocation,FirstHarmLocation Description,FunctionalClass,Geometry Description,GovPropertyDamage,GovPropertyDamage Description,IntersectingRoadName,Intersection Geometry,JunctionRelated,JunctionRelated Description,Latitude,Light,Light Description,LOD Date Level,Longitude,MilepointDirection,MilepointDistance,MilepointUnits,NonTrafficFatal,OffRoad,OffroadLocation,OffroadLocation Description,RoadID,RouteType,SchoolBusRelated,SchoolBusRelated Description,SecondHarmEvent,SecondHarmEvent Description,SecondHarmLocation,SecondHarmLocation Description,Surface,Surface Description,TrafficControl,Trafficcontrol Description,Work Zone Crash,WZLawEnforcementPresent,WZLocation,WZLocation Description,WZType,WZType Description,WZWorkersPresent,Type NM Description,PersonID NM,ReportNumber NM,ActionPriorToCrash NM,ActionPriorToCrash NM Description,Age NM,City NM,ContactPoint NM,ContactPoint NM Description,DistractedByAction NM,DistractedByAction NM Description,DistractedBySource,DistractedBySource Description,Gender NM,IncidentResponder NM,IncidentResponder NM Description,InjuryStatus NM,InjuryStatus NM Description,Location NM,Location NM Description,OriginDestination NM,OriginDestination NM Description,State NM,StruckByVehID NM,Type NM,Unknown NM,ZipCode NM,geometry
5459,Prince George's,Property Damage Crashes,DA43630009,Prince George's County Police,"Sideswipe, Same Direction",Local,No,No,No,No,EHRENSBERGER DR,65.0,STATE ROAD,No,True,No,7/3/2024,7/3/2024,19,PGCOPD,7,16,3,No,2.0,Point,19:00,2024,Wednesday,12,Motor Vehicle In Transport,5,On Roadway,7.0,Perpendicular,,,CAMPUS DR (WB/L),3.0,5.0,Intersection or Related,38.985463582,1,Daylight,2024-07-03,-76.954825437,S,0.0,F,N,No,,,E2766BB5DAA9D8D531E8D9D7D1D1F2E3212581A0965BC36A395D2288C2BC6587,SR,1,No,12.0,Motor Vehicle In Transport,5.0,On Roadway,1.0,Dry,1.0,Signalized,No,,,,,,,,,,,,,,,,,,,,,,,,,,,,,,,,,,POINT (-76.954825437 38.985463582)
85999,Prince George's,Property Damage Crashes,DS0243002H,University of Maryland Police College Park,Single Vehicle,,No,No,No,Yes,,2269.0,PRIVATE ROAD,No,True,No,10/31/2024,10/31/2024,9,UMCP,101,16,3,No,2.0,Point,09:35,2024,Thursday,14,Other Non-Motorist,5,On Roadway,,Perpendicular,,,REGENTS DR,3.0,5.0,Intersection or Related,38.985550038,1,Daylight,2024-10-31,-76.940149686,N,0.0,F,N,No,,,7792096057E858EE6EEF354B9FF53DA8E0157CB50588764B37CE95B6CE1320DF,PV,1,No,,,,,1.0,Dry,2.0,Stop - All Way,No,,,,,,,Scooter (electric),3b3506b1-2738-459c-9a5d-a45113a61ec4,DS0243002H,6.0,Walking/Cycling Along Roadway With Traffic (In or Adjacent to Travel Lane),20.0,NASHVILLE,12.0,Front,0.0,Not Distracted,,,M,1.0,No,5.0,No Apparent Injury,7.0,Travel Lane – Other Location,2.0,Transit,TN,b6875231-87a8-4f5d-b539-acfe7f1712c4,102.0,N,37211,POINT (-76.940149686 38.985550038)
59262,Prince George's,Property Damage Crashes,DA4268005Q,Prince George's County Police,Other,Principal Arterial – Other,No,No,No,No,BALTIMORE AVE (SB/L),1.0,UNITED STATE ROUTE,No,True,No,6/5/2024,6/5/2024,17,PGCOPD,98,16,3,No,4.0,Point,17:18,2024,Wednesday,12,Motor Vehicle In Transport,5,On Roadway,3.0,Perpendicular,,,ROSSBOROUGH LA,3.0,5.0,Intersection or Related,38.985681439,1,Daylight,2024-06-05,-76.937086534,S,0.0,F,N,No,,,767EE75D98C9078DACDD99F0FF3892C25E736FB7B8238CEE27F76DBEB1A7BF33,US,1,No,,,,,9.0,Wet,2.0,Stop - All Way,No,,,,,,,,,,,,,,,,,,,,,,,,,,,,,,,,,,POINT (-76.937086534 38.985681439)
11723,Prince George's,Property Damage Crashes,DS0499000C,University of Maryland Police College Park,Front to Rear,,No,No,No,No,,,,No,True,No,10/20/2024,10/20/2024,4,UMCP,3,16,3,,,Point,04:25,2024,Sunday,12,Motor Vehicle In Transport,9,Roadside,,,,,,,,,38.985691824,3,Dark - Lighted,2024-10-20,-76.944595928,,,F,N,Yes,104.0,Service Road,,,1,No,15.0,Parked Vehicle,9.0,Roadside,,,,,No,,,,,,,,,,,,,,,,,,,,,,,,,,,,,,,,,,POINT (-76.944595928 38.985691824)
36053,Prince George's,Property Damage Crashes,DS0415001T,University of Maryland Police College Park,Single Vehicle,,No,No,No,Yes,ALUMNI DR,321.0,LOCAL ROAD,No,True,No,9/16/2024,9/16/2024,8,UMCP,101,16,3,No,,Point,08:30,2024,Monday,14,Other Non-Motorist,2,In Parking Lane Or Zone,,,,,,,6.0,Non-Junction,38.985865651,1,Daylight,2024-09-16,-76.949023295,S,29.11,F,N,No,,,353AB1B6A9B67024796216EEB525172A65ED6FA17F780C1AB17FF1A89CD448BF,LL,1,No,97.0,Not Applicable,,,1.0,Dry,,,No,,,,,,,Scooter (electric),990e8926-5647-43f8-9257-bbee261a44bf,DS0415001T,6.0,Walking/Cycling Along Roadway With Traffic (In or Adjacent to Travel Lane),20.0,WALDORF,9.0,Left,0.0,Not Distracted,,,M,1.0,No,5.0,No Apparent Injury,98.0,Other,97.0,Not Applicable,MD,7305fe96-46e3-4847-b50c-c42c781cf6ca,102.0,N,20603,POINT (-76.949023295 38.985865651)
20552,Prince George's,Property Damage Crashes,DS0483000X,University of Maryland Police College Park,"Sideswipe, Same Direction",,No,Yes,No,No,,,,No,True,No,1/16/2024,1/16/2024,7,UMCP,7,16,3,,,Point,07:35,2024,Tuesday,15,Parked Vehicle,2,In Parking Lane Or Zone,,,,,,,,,38.986083021,1,Daylight,2024-01-16,-76.938121142,,,F,N,Yes,100.0,Parking Stall,,,1,No,97.0,Not Applicable,,,,,,,No,,,,,,,,,,,,,,,,,,,,,,,,,,,,,,,,,,POINT (-76.938121142 38.986083021)
19975,Prince George's,Property Damage Crashes,DA42680050,Prince George's County Police,"Sideswipe, Same Direction",,No,No,No,No,,8.0,SPUR,No,True,No,1/31/2024,1/31/2024,19,PGCOPD,7,16,3,Yes,,Point,19:45,2024,Wednesday,12,Motor Vehicle In Transport,5,On Roadway,,,,,,,4.0,Entrance/Exit Ramp or Related,38.986124193,3,Dark - Lighted,2024-01-31,-76.955608297,N,35.75,F,N,No,,,BB43DA7D030EEA61DDC121332846973AF81F1708ACC1EFA580F10B1CA57B0DFF,SP,1,No,,,,,1.0,Dry,,,No,,,,,,,,,,,,,,,,,,,,,,,,,,,,,,,,,,POINT (-76.955608297 38.986124193)
90410,Prince George's,Injury Crashes,DS0503000G,University of Maryland Police College Park,Front to Rear,Principal Arterial – Other,No,No,No,No,BALTIMORE AVE,1.0,UNITED STATE ROUTE,No,True,No,3/25/2024,3/25/2024,20,UMCP,3,16,2,No,,Point,20:06,2024,Monday,12,Motor Vehicle In Transport,5,On Roadway,3.0,,,,,,6.0,Non-Junction,38.986213823,3,Dark - Lighted,2024-03-25,-76.936636085,N,6.11,F,N,No,,,15CA37A48FBA77B2AF1CC2387E048EC7C4D2FB6AE06CDED498AD8CF9F293663A,US,1,No,12.0,Motor Vehicle In Transport,5.0,On Roadway,1.0,Dry,,,No,,,,,,,,,,,,,,,,,,,,,,,,,,,,,,,,,,POINT (-76.936636085 38.986213823)
1520,Prince George's,Property Damage Crashes,DA4293002M,Prince George's County Police,"Sideswipe, Same Direction",Principal Arterial – Other,No,No,No,No,BALTIMORE AVE (SB/L),1.0,UNITED STATE ROUTE,No,True,No,3/9/2024,3/9/2024,4,PGCOPD,7,16,3,No,,Point,04:00,2024,Saturday,12,Motor Vehicle In Transport,5,On Roadway,3.0,,,,,,6.0,Non-Junction,38.986333861,3,Dark - Lighted,2024-03-09,-76.936049462,W,178.98,F,N,No,,,8D448E1A2B80E22B2C3C262930CD4E86BEFD6DD19C2B5119C5701FB77F72C270,US,1,No,12.0,Motor Vehicle In Transport,5.0,On Roadway,1.0,Dry,,,No,,,,,,,,,,,,,,,,,,,,,,,,,,,,,,,,,,POINT (-76.936049462 38.986333861)
36154,Prince George's,Property Damage Crashes,DS0503000B,University of Maryland Police College Park,Single Vehicle,,Yes,No,No,No,,8.0,SPUR,No,True,No,2/12/2024,2/12/2024,6,UMCP,101,16,3,Yes,,Point,06:47,2024,Monday,36,"Other Post, Pole, Or Support",10,Separator/Traffic Island,,,,,,,4.0,Entrance/Exit Ramp or Related,38.986338703,100,Dawn,2024-02-12,-76.955678035,S,45.49,F,N,No,,,BB43DA7D030EEA61DDC121332846973AF81F1708ACC1EFA580F10B1CA57B0DFF,SP,1,No,41.0,Utility Pole/Light Support,10.0,Separator/Traffic Island,1.0,Dry,,,No,,,,,,,,,,,,,,,,,,,,,,,,,,,,,,,,,,POINT (-76.95567803500001 38.986338703)
94319,Prince George's,Property Damage Crashes,DS0520000G,University of Maryland Police College Park,Angle,,No,No,No,No,,,,No,True,No,7/24/2024,7/24/2024,12,UMCP,1,16,3,,,Point,12:37,2024,Wednesday,15,Parked Vehicle,4,"Off-Roadway, Location Unknown",,,,,,,,,38.986405464,1,Daylight,2024-07-24,-76.938922092,,,F,N,Yes,100.0,Parking Stall,,,1,No,,,,,,,,,No,,,,,,,,,,,,,,,,,,,,,,,,,,,,,,,,,,POINT (-76.938922092 38.986405464)
71577,Prince George's,Property Damage Crashes,DA3641009J,Prince George's County Police,Front to Front,Principal Arterial – Other,No,No,No,No,UNIVERSITY BLVD,193.0,MARYLAND ROUTE,No,True,Yes,12/26/2024,12/26/2024,0,PGCOPD,2,16,3,No,4.0,Point,00:18,2024,Thursday,12,Motor Vehicle In Transport,5,On Roadway,3.0,Angled/Skewed,,,ADELPHI RD,1.0,5.0,Intersection or Related,38.986436052,3,Dark - Lighted,2024-12-26,-76.955843993,S,0.0,F,N,No,,,3787E71234EF14CC4B20604DCDA7E73657B3FB998C8250878B242AE772FB567C,MD,1,No,,,,,1.0,Dry,1.0,Signalized,Yes,N,2.0,Advance Warning Area,5.0,Other Type of Work Zone,No,,,,,,,,,,,,,,,,,,,,,,,,,,,,POINT (-76.955843993 38.986436052)
39422,Prince George's,Property Damage Crashes,DS0504000H,University of Maryland Police College Park,Rear To Side,,No,No,No,No,,2269.0,PRIVATE ROAD,No,True,No,4/28/2024,4/28/2024,17,UMCP,5,16,3,No,,Point,17:40,2024,Sunday,12,Motor Vehicle In Transport,2,In Parking Lane Or Zone,,,101.0,State,,,6.0,Non-Junction,38.986440275,1,Daylight,2024-04-28,-76.938816103,W,13.19,F,N,No,,,2C159D60C6C91AFB48AC767A329692855F37FA1CD157249837D5CD8DCC30C2E0,PV,1,No,15.0,Parked Vehicle,2.0,In Parking Lane Or Zone,1.0,Dry,,,No,,,,,,,,,,,,,,,,,,,,,,,,,,,,,,,,,,POINT (-76.93881610299999 38.986440275)
8452,Prince George's,Property Damage Crashes,DS0502000D,University of Maryland Police College Park,Single Vehicle,,No,No,No,No,HOTEL DR,2231.0,LOCAL ROAD,No,True,No,3/25/2024,3/25/2024,10,UMCP,101,16,3,No,,Point,10:04,2024,Monday,27,Curb,9,Roadside,,,101.0,State,,,6.0,Non-Junction,38.986441507,1,Daylight,2024-03-25,-76.935424946,S,24.15,F,N,No,,,CD08B27969DC7F642791C3A7E2D856145459969E086D74CA73E15B9CF0BB1EB3,LL,1,No,13.0,Other Non-Fixed Object,9.0,Roadside,1.0,Dry,,,No,,,,,,,,,,,,,,,,,,,,,,,,,,,,,,,,,,POINT (-76.935424946 38.986441507)
95374,Prince George's,Property Damage Crashes,DS0502000C,University of Maryland Police College Park,Other,,No,No,No,No,,2269.0,PRIVATE ROAD,No,True,No,3/7/2024,3/7/2024,13,UMCP,98,16,3,No,,Point,13:28,2024,Thursday,15,Parked Vehicle,2,In Parking Lane Or Zone,,,,,,,6.0,Non-Junction,38.986457041,1,Daylight,2024-03-07,-76.939096925,E,14.7,F,N,No,,,1A196C8FDBB6A3E8C2F740623262DB3447F1FD7A20BE6C1476B7E2F9CC2DADBC,PV,1,No,,,,,1.0,Dry,,,No,,,,,,,,,,,,,,,,,,,,,,,,,,,,,,,,,,POINT (-76.939096925 38.986457041)
79116,Prince George's,Property Damage Crashes,DS0426001J,University of Maryland Police College Park,Rear To Rear,,No,No,No,No,,,,No,True,No,8/20/2024,8/20/2024,13,UMCP,4,16,3,,,Point,13:39,2024,Tuesday,12,Motor Vehicle In Transport,2,In Parking Lane Or Zone,,,101.0,State,,,,,38.986505507,1,Daylight,2024-08-20,-76.950484431,,,F,N,Yes,101.0,Parking Aisle,,,1,No,15.0,Parked Vehicle,2.0,In Parking Lane Or Zone,,,,,No,,,,,,,,,,,,,,,,,,,,,,,,,,,,,,,,,,POINT (-76.95048443100001 38.986505507)
78732,Prince George's,Property Damage Crashes,DS04830018,University of Maryland Police College Park,"Sideswipe, Opposite Direction",,No,No,No,No,,,,No,True,No,9/26/2024,9/26/2024,11,UMCP,6,16,3,,,Point,11:33,2024,Thursday,15,Parked Vehicle,2,In Parking Lane Or Zone,,,,,,,,,38.98651611,1,Daylight,2024-09-26,-76.939020011,,,F,N,Yes,100.0,Parking Stall,,,1,No,12.0,Motor Vehicle In Transport,2.0,In Parking Lane Or Zone,,,,,No,,,,,,,,,,,,,,,,,,,,,,,,,,,,,,,,,,POINT (-76.939020011 38.98651611)
3143,Prince George's,Property Damage Crashes,DA3126000S,Prince George's County Police,Front to Rear,Principal Arterial – Other,No,No,No,No,BALTIMORE AVE,1.0,UNITED STATE ROUTE,No,True,No,3/15/2024,3/15/2024,22,PGCOPD,3,16,3,No,,Point,22:30,2024,Friday,12,Motor Vehicle In Transport,99,Unknown,3.0,,,,,,99.0,Unknown,38.9865476,3,Dark - Lighted,2024-03-15,-76.9356836,W,187.02,F,N,No,,,129DEC2DFFCCB4BD6D8879F6C7E04EE22890A5E354ABD44401C96F6B1DAFF624,US,1,No,,,,,9.0,Wet,,,No,,,,,,,,,,,,,,,,,,,,,,,,,,,,,,,,,,POINT (-76.9356836 38.9865476)
1683,Prince George's,Property Damage Crashes,DA4331002G,Prince George's County Police,Single Vehicle,,No,No,No,No,,,,Yes,True,No,5/6/2024,5/6/2024,7,PGCOPD,101,16,3,,,Point,07:34,2024,Monday,30,Fence,4,"Off-Roadway, Location Unknown",,,,,,,,,38.986556435,1,Daylight,2024-05-06,-76.927994229,,,F,N,Yes,102.0,Parking Lot Way,,,1,No,40.0,Tree (standing),4.0,"Off-Roadway, Location Unknown",,,,,No,,,,,,,,,,,,,,,,,,,,,,,,,,,,,,,,,,POINT (-76.92799422900001 38.986556435)
76213,Prince George's,Property Damage Crashes,DA302000F4,Prince George's County Police,"Sideswipe, Same Direction",Principal Arterial – Other,No,No,No,No,UNIVERSITY BLVD,193.0,MARYLAND ROUTE,No,True,No,10/23/2024,10/23/2024,17,PGCOPD,7,16,3,No,,Point,17:05,2024,Wednesday,12,Motor Vehicle In Transport,5,On Roadway,3.0,,,,,,6.0,Non-Junction,38.986595997,1,Daylight,2024-10-23,-76.955620279,N,32.67,F,N,No,,,78D9B4AF88F95C95FEFC529736A2A4DE732CDFBB8DF9C5A1B4685DF4CB470F3E,MD,1,No,,,,,1.0,Dry,,,No,,,,,,,,,,,,,,,,,,,,,,,,,,,,,,,,,,POINT (-76.955620279 38.986595997)
93983,Prince George's,Property Damage Crashes,DA3396001V,Prince George's County Police,"Sideswipe, Same Direction",Minor Arterial,No,No,No,No,ADELPHI RD (NB/L),232.0,COUNTY ROAD,No,True,No,4/30/2024,4/30/2024,15,PGCOPD,7,16,3,Yes,5.0,Point,15:23,2024,Tuesday,12,Motor Vehicle In Transport,5,On Roadway,4.0,Angled/Skewed,,,UNIVERSITY BLVD (WB/L),1.0,5.0,Intersection or Related,38.986634847,1,Daylight,2024-04-30,-76.955872656,N,0.0,F,N,No,,,5AB53A40772891F95D0F76B4E447F86FD0EADDEC03B8C0926B8E9A804E98692B,CO,1,No,97.0,Not Applicable,,,1.0,Dry,1.0,Signalized,No,,,,,,,,,,,,,,,,,,,,,,,,,,,,,,,,,,POINT (-76.955872656 38.986634847)
13557,Prince George's,Property Damage Crashes,DS0494000J,University of Maryland Police College Park,Rear To Rear,,No,No,No,No,,,,No,True,No,5/12/2024,5/12/2024,16,UMCP,4,16,3,,,Point,16:55,2024,Sunday,15,Parked Vehicle,2,In Parking Lane Or Zone,,,,,,,,,38.986689017,1,Daylight,2024-05-12,-76.954539542,,,F,N,Yes,101.0,Parking Aisle,,,1,No,,,,,,,,,No,,,,,,,,,,,,,,,,,,,,,,,,,,,,,,,,,,POINT (-76.95453954200001 38.986689017)
101204,Prince George's,Property Damage Crashes,DS0314000L,University of Maryland Police College Park,Angle,Principal Arterial – Other,No,No,No,No,UNIVERSITY BLVD (WB/L),193.0,MARYLAND ROUTE,No,True,No,4/23/2024,4/23/2024,17,UMCP,1,16,3,No,4.0,Point,17:21,2024,Tuesday,12,Motor Vehicle In Transport,5,On Roadway,3.0,Perpendicular,,,ADELPHI RD (NB/L),3.0,5.0,Intersection or Related,38.986692197,1,Daylight,2024-04-23,-76.955932554,N,0.0,F,N,No,,,6C2FEB7BFF0298697E23A465E413A12119FB346EE31D8B9B60285D9B03245939,MD,1,No,,,,,1.0,Dry,1.0,Signalized,No,,,,,,,,,,,,,,,,,,,,,,,,,,,,,,,,,,POINT (-76.955932554 38.986692197)
30251,Prince George's,Property Damage Crashes,DA43890024,Prince George's County Police,Front to Rear,Principal Arterial – Other,No,No,No,No,UNIVERSITY BLVD (WB/L),193.0,MARYLAND ROUTE,No,True,No,12/12/2024,12/12/2024,19,PGCOPD,3,16,3,No,,Point,19:00,2024,Thursday,12,Motor Vehicle In Transport,5,On Roadway,3.0,,,,ADELPHI RD (NB/L),,9.0,Through Roadway,38.986711392,5,Dark - Unknown Lighting,2024-12-12,-76.955907634,N,9.49,F,N,No,,,6C2FEB7BFF0298697E23A465E413A12119FB346EE31D8B9B60285D9B03245939,MD,1,No,,,,,1.0,Dry,,,No,,,,,,,,,,,,,,,,,,,,,,,,,,,,,,,,,,POINT (-76.955907634 38.986711392)
16501,Prince George's,Property Damage Crashes,DA4060005Z,Prince George's County Police,Single Vehicle,,No,No,No,Yes,HOTEL DR,2231.0,LOCAL ROAD,No,True,No,7/2/2024,7/2/2024,12,PGCOPD,101,16,3,Yes,3.0,Point,12:29,2024,Tuesday,16,Pedalcycle,5,On Roadway,,Perpendicular,,,BALTIMORE AVE,3.0,5.0,Intersection or Related,38.986758069,1,Daylight,2024-07-02,-76.936251485,S,0.0,F,N,No,,,5D55986DBC08684C7AC85BCDE4029F5B89B87B91695394C2F54152818696D81D,LL,1,No,,,,,1.0,Dry,1.0,Signalized,No,,,,,,,Cyclist (non-electric),b296da6b-0ae7-431a-aa3d-08f13809abfc,DA4060005Z,6.0,Walking/Cycling Along Roadway With Traffic (In or Adjacent to Travel Lane),55.0,COLLEGE PARK,9.0,Left,0.0,Not Distracted,,,M,1.0,No,5.0,No Apparent Injury,12.0,Separated Bike Lanes,97.0,Not Applicable,MD,6b4496d3-ed43-4ac8-85a6-365b8a050ef3,101.0,N,20740,POINT (-76.936251485 38.986758069)
47230,Prince George's,Property Damage Crashes,DS04670008,University of Maryland Police College Park,"Sideswipe, Same Direction",Principal Arterial – Other,No,No,No,No,BALTIMORE AVE,1.0,UNITED STATE ROUTE,No,True,No,6/22/2024,6/22/2024,22,UMCP,7,16,3,No,3.0,Point,22:34,2024,Saturday,12,Motor Vehicle In Transport,5,On Roadway,3.0,Perpendicular,,,HOTEL DR,3.0,5.0,Intersection or Related,38.986818354,3,Dark - Lighted,2024-06-22,-76.936357032,S,0.0,F,N,No,,,6EAEB3A63FE715FF18209B4D3AADE0DAE224565AB60E1CE2D39B9E9C273382EB,US,1,No,,,,,1.0,Dry,1.0,Signalized,No,,,,,,,,,,,,,,,,,,,,,,,,,,,,,,,,,,POINT (-76.936357032 38.986818354)
91648,Prince George's,Property Damage Crashes,DS0426001M,University of Maryland Police College Park,Single Vehicle,,No,No,No,No,,,,No,True,No,11/13/2024,11/13/2024,8,UMCP,101,16,3,,,Point,08:26,2024,Wednesday,36,"Other Post, Pole, Or Support",2,In Parking Lane Or Zone,,,101.0,State,,,,,38.98706529,1,Daylight,2024-11-13,-76.940921015,,,F,N,Yes,102.0,Parking Lot Way,,,1,No,36.0,"Other Post, Pole, Or Support",2.0,In Parking Lane Or Zone,,,,,No,,,,,,,,,,,,,,,,,,,,,,,,,,,,,,,,,,POINT (-76.940921015 38.98706529)
12082,Prince George's,Property Damage Crashes,DS04210027,University of Maryland Police College Park,Rear To Rear,,No,No,No,No,,,,No,True,No,6/13/2024,6/13/2024,10,UMCP,4,16,3,,,Point,10:24,2024,Thursday,12,Motor Vehicle In Transport,2,In Parking Lane Or Zone,,,101.0,State,,,,,38.987099206,1,Daylight,2024-06-13,-76.94103669,,,F,N,Yes,102.0,Parking Lot Way,,,1,No,15.0,Parked Vehicle,99.0,Unknown,,,,,No,,,,,,,,,,,,,,,,,,,,,,,,,,,,,,,,,,POINT (-76.94103669 38.987099206)
60332,Prince George's,Property Damage Crashes,DS0502000G,University of Maryland Police College Park,Other,,No,No,No,No,,,,No,True,No,5/15/2024,5/15/2024,8,UMCP,98,16,3,,,Point,08:18,2024,Wednesday,12,Motor Vehicle In Transport,2,In Parking Lane Or Zone,,,,,,,,,38.987139447,1,Daylight,2024-05-15,-76.944086811,,,F,N,Yes,102.0,Parking Lot Way,,,1,No,,,,,,,,,No,,,,,,,,,,,,,,,,,,,,,,,,,,,,,,,,,,POINT (-76.94408681100001 38.987139447)
202,Prince George's,Injury Crashes,DS0502000P,University of Maryland Police College Park,Single Vehicle,Local,No,No,No,Yes,REGENTS DR (SB/L),162.0,STATE ROAD,No,True,No,12/14/2024,12/14/2024,13,UMCP,101,16,2,No,,Point,13:19,2024,Saturday,14,Other Non-Motorist,5,On Roadway,7.0,,,,,,6.0,Non-Junction,38.987156471,1,Daylight,2024-12-14,-76.940195432,S,1.33,F,N,No,,,356761E155D3B497190055091CE20B0D6CC2E475E27B88713947BBD339DC8DF5,SR,1,No,,,,,1.0,Dry,,,No,,,,,,,Scooter (electric),04d6faea-df4c-46f6-836f-a3d25681924f,DS0502000P,6.0,Walking/Cycling Along Roadway With Traffic (In or Adjacent to Travel Lane),20.0,LEXINGTON,12.0,Front,0.0,Not Distracted,,,M,1.0,No,3.0,Suspected Minor Injury,9.0,Shared Lane Markings,97.0,Not Applicable,MA,f6b3518d-ed3d-4e20-8a63-1e6ec11d2350,102.0,N,02421,POINT (-76.940195432 38.987156471)
33407,Prince George's,Injury Crashes,DS0494000L,University of Maryland Police College Park,Single Vehicle,,No,No,No,No,,366.0,SPUR,No,True,Yes,11/17/2024,11/17/2024,23,UMCP,101,16,2,Yes,3.0,Point,23:45,2024,Sunday,36,"Other Post, Pole, Or Support",4,"Off-Roadway, Location Unknown",,Perpendicular,101.0,State,UNION DR,3.0,5.0,Intersection or Related,38.987185018,3,Dark - Lighted,2024-11-17,-76.946956509,E,0.0,F,N,No,,,695EFB2A2413F00FE92159783A19FC2FED37545D591AA570AAE5BBA1E998EEF0,SP,1,No,30.0,Fence,4.0,"Off-Roadway, Location Unknown",1.0,Dry,1.0,Signalized,Yes,N,4.0,Activity Area,5.0,Other Type of Work Zone,No,,,,,,,,,,,,,,,,,,,,,,,,,,,,POINT (-76.946956509 38.987185018)
26453,Prince George's,Property Damage Crashes,DS0502000K,University of Maryland Police College Park,Single Vehicle,Major Collector,No,Yes,No,No,,69.0,STATE ROAD,No,True,Yes,8/22/2024,8/22/2024,8,UMCP,101,16,3,No,,Point,08:10,2024,Thursday,13,Other Non-Fixed Object,5,On Roadway,5.0,,,,,,6.0,Non-Junction,38.987352165,1,Daylight,2024-08-22,-76.945701385,S,14.27,F,N,No,,,18FCC21723F9B7AC897A2B98BE965FBE63CE9307813BBC4A19276CFAA08173EA,SR,1,No,,,,,1.0,Dry,,,Yes,N,4.0,Activity Area,3.0,Work on Shoulder or Median,Yes,,,,,,,,,,,,,,,,,,,,,,,,,,,,POINT (-76.94570138500001 38.987352165)
49104,Prince George's,Property Damage Crashes,DS05270001,University of Maryland Police College Park,"Sideswipe, Same Direction",Principal Arterial – Other,No,Yes,No,No,BALTIMORE AVE,1.0,UNITED STATE ROUTE,No,True,No,9/4/2024,9/4/2024,17,UMCP,7,16,3,No,,Point,17:11,2024,Wednesday,12,Motor Vehicle In Transport,5,On Roadway,3.0,,101.0,State,,,6.0,Non-Junction,38.987486188,1,Daylight,2024-09-04,-76.935815881,S,9.09,F,N,No,,,2E703AAECE70D590ADE240E0F6C08486C32CF2BD2102F89600052BEE51E84565,US,1,No,,,,,1.0,Dry,,,No,,,,,,,,,,,,,,,,,,,,,,,,,,,,,,,,,,POINT (-76.935815881 38.987486188)
14271,Prince George's,Property Damage Crashes,DS05260007,University of Maryland Police College Park,"Sideswipe, Same Direction",,No,Yes,No,No,,,,No,True,No,9/19/2024,9/19/2024,17,UMCP,7,16,3,,,Point,17:30,2024,Thursday,12,Motor Vehicle In Transport,2,In Parking Lane Or Zone,,,,,,,,,38.987496381,1,Daylight,2024-09-19,-76.949634613,,,F,N,Yes,102.0,Parking Lot Way,,,1,No,,,,,,,,,No,,,,,,,,,,,,,,,,,,,,,,,,,,,,,,,,,,POINT (-76.949634613 38.987496381)
74874,Prince George's,Injury Crashes,DS04620011,University of Maryland Police College Park,Single Vehicle,,No,Yes,No,Yes,,168.0,SPUR,No,True,Yes,1/31/2024,1/31/2024,20,UMCP,101,16,2,No,3.0,Point,20:12,2024,Wednesday,14,Other Non-Motorist,5,On Roadway,,Angled/Skewed,,,REGENTS DR (SB/L),1.0,5.0,Intersection or Related,38.987584665,3,Dark - Lighted,2024-01-31,-76.940441981,W,0.0,F,N,No,,,2E36F56446CEC3116734560CF6D53D6FEB3F299B8D33D8F0A31881A3D3E663D0,SP,1,No,,,,,1.0,Dry,2.0,Stop - All Way,Yes,N,4.0,Activity Area,5.0,Other Type of Work Zone,No,"Other Pedestrian (person in a building, skater, personal conveyance, etc.)",f3f0c923-b661-4881-bba6-073fbffcb017,DS04620011,99.0,Unknown,19.0,MIDDLETOWN,12.0,Front,99.0,Unknown,99.0,Unknown,M,4.0,Police,3.0,Suspected Minor Injury,3.0,Intersection – Other,2.0,Transit,MD,906e44bd-ddfa-4ab1-818d-57ad972ad3a7,7.0,N,21769,POINT (-76.94044198100001 38.987584665)