,Crash County Description,Crash Severity Description,Reportnumber,Agencyname,CollisionImpact Description,FunctionalClass Description,ImpairedCrash,Large Vehicle Involved,Motorcycle Crash,Non-Motorist Crash,RoadName,Route Number,RouteType Description,Unrestrained Occupants,WithinDateRange,Work Zone Related,Crashdate,LOD Crash Date,Crashhour,AgencyCode,CollisionImpact,Crash County,Crash Severity,Crash Within Interchange,CrashInterchangeApproaches,CrashPoint,Crashtime,CrashYear,Dayofweek,FirstHarmEvent,FirstHarmEvent Description,FirstHarmLocation,FirstHarmLocation Description,FunctionalClass,Geometry Description,GovPropertyDamage,GovPropertyDamage Description,IntersectingRoadName,Intersection Geometry,JunctionRelated,JunctionRelated Description,Latitude,Light,Light Description,LOD Date Level,Longitude,MilepointDirection,MilepointDistance,MilepointUnits,NonTrafficFatal,OffRoad,OffroadLocation,OffroadLocation Description,RoadID,RouteType,SchoolBusRelated,SchoolBusRelated Description,SecondHarmEvent,SecondHarmEvent Description,SecondHarmLocation,SecondHarmLocation Description,Surface,Surface Description,TrafficControl,Trafficcontrol Description,Work Zone Crash,WZLawEnforcementPresent,WZLocation,WZLocation Description,WZType,WZType Description,WZWorkersPresent,Type NM Description,PersonID NM,ReportNumber NM,ActionPriorToCrash NM,ActionPriorToCrash NM Description,Age NM,City NM,ContactPoint NM,ContactPoint NM Description,DistractedByAction NM,DistractedByAction NM Description,DistractedBySource,DistractedBySource Description,Gender NM,IncidentResponder NM,IncidentResponder NM Description,InjuryStatus NM,InjuryStatus NM Description,Location NM,Location NM Description,OriginDestination NM,OriginDestination NM Description,State NM,StruckByVehID NM,Type NM,Unknown NM,ZipCode NM,geometry
5730,Prince George's,Injury Crashes,DS0489000N,University of Maryland Police College Park,Single Vehicle,Local,No,No,No,Yes,REGENTS DR (SB/L),162.0,STATE ROAD,No,True,No,10/24/2024,10/24/2024,16,UMCP,101,16,2,No,4.0,Point,16:03,2024,Thursday,17,Pedestrian,5,On Roadway,7.0,Perpendicular,,,,3.0,5.0,Intersection or Related,38.987593205,1,Daylight,2024-10-24,-76.940409126,W,0.0,F,N,No,,,6427913F6E247C9B45766005DA0723D0797E8BD285B550A72A304B0411B4A9BF,SR,1,No,,,,,1.0,Dry,2.0,Stop - All Way,No,,,,,,,Pedestrian,6fe053c4-e8d1-48d0-806f-98642685f601,DS0489000N,0.0,,19.0,CALDWELL,9.0,Left,0.0,Not Distracted,,,F,1.0,No,3.0,Suspected Minor Injury,1.0,Intersection – Marked Crosswalk,97.0,Not Applicable,NJ,99501db7-639b-41cd-a84f-1912740377d2,6.0,N,07006,POINT (-76.94040912600001 38.987593205)
5729,Prince George's,Injury Crashes,DS0489000N,University of Maryland Police College Park,Single Vehicle,Local,No,No,No,Yes,REGENTS DR (SB/L),162.0,STATE ROAD,No,True,No,10/24/2024,10/24/2024,16,UMCP,101,16,2,No,4.0,Point,16:03,2024,Thursday,17,Pedestrian,5,On Roadway,7.0,Perpendicular,,,,3.0,5.0,Intersection or Related,38.987593205,1,Daylight,2024-10-24,-76.940409126,W,0.0,F,N,No,,,6427913F6E247C9B45766005DA0723D0797E8BD285B550A72A304B0411B4A9BF,SR,1,No,,,,,1.0,Dry,2.0,Stop - All Way,No,,,,,,,Pedestrian,91aacd3d-68ab-4512-88e6-97b03525ee35,DS0489000N,100.0,Cross/Enter at Intersection,18.0,SANDY SPRING,9.0,Left,0.0,Not Distracted,,,F,1.0,No,3.0,Suspected Minor Injury,1.0,Intersection – Marked Crosswalk,97.0,Not Applicable,MD,99501db7-639b-41cd-a84f-1912740377d2,6.0,N,20860,POINT (-76.94040912600001 38.987593205)
46644,Prince George's,Property Damage Crashes,DS0457000Z,University of Maryland Police College Park,Front to Rear,,No,No,No,No,,168.0,SPUR,Yes,True,No,10/11/2024,10/11/2024,19,UMCP,3,16,3,Yes,4.0,Point,19:40,2024,Friday,12,Motor Vehicle In Transport,5,On Roadway,,Perpendicular,,,REGENTS DR (SB/L),3.0,5.0,Intersection or Related,38.987597458,3,Dark - Lighted,2024-10-11,-76.940349257,W,0.0,F,N,No,,,2E36F56446CEC3116734560CF6D53D6FEB3F299B8D33D8F0A31881A3D3E663D0,SP,1,No,,,,,1.0,Dry,1.0,Signalized,No,,,,,,,,,,,,,,,,,,,,,,,,,,,,,,,,,,POINT (-76.94034925699999 38.987597458)
65143,Prince George's,Property Damage Crashes,DS04670007,University of Maryland Police College Park,Angle,,No,No,No,No,ALUMNI DR,321.0,LOCAL ROAD,No,True,No,4/21/2024,4/21/2024,22,UMCP,1,16,3,No,,Point,22:10,2024,Sunday,15,Parked Vehicle,2,In Parking Lane Or Zone,,,,,,,6.0,Non-Junction,38.987893588,3,Dark - Lighted,2024-04-21,-76.948973091,S,29.91,F,N,No,,,1E87281EA3C0663C479A1026AC8B962CF3E967E3FFC8AD62C91DDB476D53EDB4,LL,1,No,27.0,Curb,10.0,Separator/Traffic Island,1.0,Dry,,,No,,,,,,,,,,,,,,,,,,,,,,,,,,,,,,,,,,POINT (-76.948973091 38.987893588)
2169,Prince George's,Property Damage Crashes,DA4389000P,Prince George's County Police,Front to Rear,Principal Arterial – Other,No,No,No,No,UNIVERSITY BLVD (WB/L),193.0,MARYLAND ROUTE,No,True,No,4/23/2024,4/23/2024,17,PGCOPD,3,16,3,No,,Point,17:30,2024,Tuesday,12,Motor Vehicle In Transport,5,On Roadway,3.0,,,,,,9.0,Through Roadway,38.987960247,1,Daylight,2024-04-23,-76.954974116,S,52.8,F,N,No,,,89549E8B237942AF357CD0EA144D572872A15D5FF1D1FE699259D6F90DBAE449,MD,1,No,,,,,1.0,Dry,,,No,,,,,,,,,,,,,,,,,,,,,,,,,,,,,,,,,,POINT (-76.954974116 38.987960247)
65085,Prince George's,Property Damage Crashes,DS0294000C,University of Maryland Police College Park,"Sideswipe, Opposite Direction",Local,No,No,No,No,UNION LA,90.0,STATE ROAD,No,True,No,4/27/2024,4/27/2024,10,UMCP,6,16,3,No,,Point,10:50,2024,Saturday,12,Motor Vehicle In Transport,5,On Roadway,7.0,,,,,,6.0,Non-Junction,38.988059401,1,Daylight,2024-04-27,-76.945399826,N,39.64,F,N,No,,,08DB275D9E06FE44A8A3FB5B6E21D356E110EE32214850FD10D14C51F24BB0CA,SR,1,No,97.0,Not Applicable,,,1.0,Dry,,,No,,,,,,,,,,,,,,,,,,,,,,,,,,,,,,,,,,POINT (-76.945399826 38.988059401)
43958,Prince George's,Property Damage Crashes,DA42730046,Prince George's County Police,"Sideswipe, Same Direction",Minor Arterial,No,No,No,No,CAMPUS DR,431.0,MARYLAND ROUTE,No,True,No,5/9/2024,5/9/2024,18,PGCOPD,7,16,3,No,,Point,18:12,2024,Thursday,12,Motor Vehicle In Transport,5,On Roadway,4.0,,,,,,6.0,Non-Junction,38.988091422,1,Daylight,2024-05-09,-76.934460031,N,50.76,F,N,No,,,C8F656F0984F7B7FBD597A3FB903595E66EACC3A553E25CB94572CAA783D1A03,MD,1,No,12.0,Motor Vehicle In Transport,5.0,On Roadway,1.0,Dry,,,No,,,,,,,,,,,,,,,,,,,,,,,,,,,,,,,,,,POINT (-76.934460031 38.988091422)
26387,Prince George's,Property Damage Crashes,DA4050005D,Prince George's County Police,Front to Rear,Principal Arterial – Other,No,No,No,No,BALTIMORE AVE,1.0,UNITED STATE ROUTE,No,True,No,1/27/2024,1/27/2024,13,PGCOPD,3,16,3,No,,Point,13:57,2024,Saturday,12,Motor Vehicle In Transport,5,On Roadway,3.0,,,,,,9.0,Through Roadway,38.988336064,1,Daylight,2024-01-27,-76.93520212,N,21.93,F,N,No,,,94102A2BB8C7090F911AF5EA828926A2AE39B539573B26C31D831EC83192281D,US,1,No,,,,,1.0,Dry,,,No,,,,,,,,,,,,,,,,,,,,,,,,,,,,,,,,,,POINT (-76.93520212 38.988336064)
1998,Prince George's,Property Damage Crashes,DS05200003,University of Maryland Police College Park,Angle,,No,No,No,No,,,,No,True,No,1/18/2024,1/18/2024,10,UMCP,1,16,3,,,Point,10:14,2024,Thursday,12,Motor Vehicle In Transport,2,In Parking Lane Or Zone,,,,,,,,,38.988357061,1,Daylight,2024-01-18,-76.945902475,,,F,N,Yes,102.0,Parking Lot Way,,,1,No,,,,,,,,,No,,,,,,,,,,,,,,,,,,,,,,,,,,,,,,,,,,POINT (-76.945902475 38.988357061)
88286,Prince George's,Property Damage Crashes,DS0520000C,University of Maryland Police College Park,"Sideswipe, Opposite Direction",,No,No,No,No,,,,No,True,No,7/10/2024,7/10/2024,14,UMCP,6,16,3,,,Point,14:12,2024,Wednesday,12,Motor Vehicle In Transport,2,In Parking Lane Or Zone,,,,,,,,,38.988469975,1,Daylight,2024-07-10,-76.940377873,,,F,N,Yes,100.0,Parking Stall,,,1,No,,,,,,,,,No,,,,,,,,,,,,,,,,,,,,,,,,,,,,,,,,,,POINT (-76.940377873 38.988469975)
49688,Prince George's,Property Damage Crashes,DS0243002G,University of Maryland Police College Park,Other,,No,No,No,No,,,,No,True,No,6/9/2024,6/9/2024,12,UMCP,98,16,3,,,Point,12:30,2024,Sunday,15,Parked Vehicle,99,Unknown,,,101.0,State,,,,,38.988482015,1,Daylight,2024-06-09,-76.945883985,,,F,N,Yes,102.0,Parking Lot Way,,,1,No,,,,,,,,,No,,,,,,,,,,,,,,,,,,,,,,,,,,,,,,,,,,POINT (-76.94588398499999 38.988482015)
24906,Prince George's,Injury Crashes,DA39650080,Prince George's County Police,Front to Rear,Minor Arterial,Yes,No,Yes,No,CAMPUS DR,431.0,MARYLAND ROUTE,No,True,No,2/6/2024,2/6/2024,18,PGCOPD,3,16,2,Yes,4.0,Point,18:01,2024,Tuesday,12,Motor Vehicle In Transport,5,On Roadway,4.0,Perpendicular,,,BALTIMORE AVE,3.0,5.0,Intersection or Related,38.988492657,3,Dark - Lighted,2024-02-06,-76.935142653,E,0.0,F,N,No,,,03C50D88987A8F6FCD0E0AE5A7E0607EA90E0A1037B2EA00A119DB5A460F8972,MD,1,No,2.0,Fell Jumped from Motor Vehicle,5.0,On Roadway,1.0,Dry,2.0,Stop - All Way,No,,,,,,,,,,,,,,,,,,,,,,,,,,,,,,,,,,POINT (-76.935142653 38.988492657)
2465,Prince George's,Property Damage Crashes,DS0504000D,University of Maryland Police College Park,"Sideswipe, Same Direction",Minor Arterial,No,No,No,No,CAMPUS DR (NB/L),431.0,MARYLAND ROUTE,No,True,No,1/24/2024,1/24/2024,17,UMCP,7,16,3,Yes,5.0,Point,17:58,2024,Wednesday,12,Motor Vehicle In Transport,5,On Roadway,4.0,Perpendicular,101.0,State,BALTIMORE AVE,3.0,5.0,Intersection or Related,38.988595072,4,Dark - Not Lighted,2024-01-24,-76.934992558,N,0.0,F,N,No,,,8D4B85F80A248D7A99F3343C64663EF549880EEFA219FAFC252DC0C614A9B23F,MD,1,No,,,,,1.0,Dry,1.0,Signalized,No,,,,,,,,,,,,,,,,,,,,,,,,,,,,,,,,,,POINT (-76.934992558 38.988595072)
34794,Prince George's,Property Damage Crashes,DA4268005T,Prince George's County Police,"Sideswipe, Same Direction",Principal Arterial – Other,No,Yes,No,No,BALTIMORE AVE (SB/L),1.0,UNITED STATE ROUTE,No,True,No,7/26/2024,7/26/2024,17,PGCOPD,7,16,3,Yes,,Point,17:18,2024,Friday,12,Motor Vehicle In Transport,5,On Roadway,3.0,,,,,,9.0,Through Roadway,38.988640224,1,Daylight,2024-07-26,-76.935123581,S,47.43,F,N,No,,,8EA875C9F9DF1D1CD1A46835EC7790E31A5AF0DAC32D5330437867ED1EFD5A59,US,1,No,12.0,Motor Vehicle In Transport,5.0,On Roadway,1.0,Dry,,,No,,,,,,,,,,,,,,,,,,,,,,,,,,,,,,,,,,POINT (-76.935123581 38.988640224)
49136,Prince George's,Property Damage Crashes,DS0454000H,University of Maryland Police College Park,"Sideswipe, Same Direction",Principal Arterial – Other,No,No,No,No,BALTIMORE AVE (SB/L),1.0,UNITED STATE ROUTE,No,True,No,11/25/2024,11/25/2024,6,UMCP,7,16,3,No,,Point,06:11,2024,Monday,12,Motor Vehicle In Transport,5,On Roadway,3.0,,,,CAMPUS DR (WB/L),,6.0,Non-Junction,38.988653134,1,Daylight,2024-11-25,-76.935191369,N,16.31,F,N,No,,,B033844A14536C120C422191B3D90A930C97C6DB16BCCE04857B688C58295616,US,1,No,,,,,1.0,Dry,,,No,,,,,,,,,,,,,,,,,,,,,,,,,,,,,,,,,,POINT (-76.93519136899999 38.988653134)
36006,Prince George's,Property Damage Crashes,DS05160002,University of Maryland Police College Park,"Sideswipe, Same Direction",Minor Arterial,No,No,No,No,CAMPUS DR (NB/L),431.0,MARYLAND ROUTE,No,True,No,1/2/2024,1/2/2024,17,UMCP,7,16,3,No,2.0,Point,17:45,2024,Tuesday,12,Motor Vehicle In Transport,5,On Roadway,4.0,Perpendicular,,,BALTIMORE AVE,3.0,5.0,Intersection or Related,38.988699695,98,Other,2024-01-02,-76.934988861,S,0.0,F,N,No,,,8D4B85F80A248D7A99F3343C64663EF549880EEFA219FAFC252DC0C614A9B23F,MD,1,No,12.0,Motor Vehicle In Transport,5.0,On Roadway,1.0,Dry,5.0,No Controls,No,,,,,,,,,,,,,,,,,,,,,,,,,,,,,,,,,,POINT (-76.93498886099999 38.988699695)
85032,Prince George's,Property Damage Crashes,DS0264000C,University of Maryland Police College Park,Single Vehicle,Local,No,No,No,No,FIELD HOUSE DR,168.0,STATE ROAD,No,True,No,11/5/2024,11/5/2024,12,UMCP,101,16,3,No,,Point,12:15,2024,Tuesday,36,"Other Post, Pole, Or Support",2,In Parking Lane Or Zone,7.0,,,,,,6.0,Non-Junction,38.988754898,1,Daylight,2024-11-05,-76.945824851,N,40.82,F,N,No,,,79EBADB00D6AA3ECF6CAF81C664F0F8B0179FEDAE37E5F074A5574FA64742712,SR,1,No,,,,,1.0,Dry,,,No,,,,,,,,,,,,,,,,,,,,,,,,,,,,,,,,,,POINT (-76.945824851 38.988754898)
76323,Prince George's,Property Damage Crashes,DS05240007,University of Maryland Police College Park,Single Vehicle,,No,No,No,No,,,,No,True,No,10/23/2024,10/23/2024,19,UMCP,101,16,3,,,Point,19:00,2024,Wednesday,36,"Other Post, Pole, Or Support",2,In Parking Lane Or Zone,,,101.0,State,,,,,38.988783837,98,Other,2024-10-23,-76.945968699,,,F,N,Yes,101.0,Parking Aisle,,,1,No,,,,,,,,,No,,,,,,,,,,,,,,,,,,,,,,,,,,,,,,,,,,POINT (-76.94596869900001 38.988783837)
100908,Prince George's,Property Damage Crashes,DS04670004,University of Maryland Police College Park,Single Vehicle,,No,No,No,No,,,,No,True,No,3/12/2024,3/12/2024,15,UMCP,101,16,3,,,Point,15:30,2024,Tuesday,36,"Other Post, Pole, Or Support",2,In Parking Lane Or Zone,,,,,,,,,38.988795808,1,Daylight,2024-03-12,-76.945994296,,,F,N,Yes,100.0,Parking Stall,,,1,No,,,,,,,,,No,,,,,,,,,,,,,,,,,,,,,,,,,,,,,,,,,,POINT (-76.94599429599999 38.988795808)
65396,Prince George's,Property Damage Crashes,DS04580010,University of Maryland Police College Park,"Sideswipe, Opposite Direction",,No,No,No,No,,,,No,True,No,6/11/2024,6/11/2024,11,UMCP,6,16,3,,,Point,11:07,2024,Tuesday,12,Motor Vehicle In Transport,2,In Parking Lane Or Zone,,,,,,,,,38.9889238,1,Daylight,2024-06-11,-76.949215628,,,F,N,Yes,101.0,Parking Aisle,,,1,No,,,,,,,,,No,,,,,,,,,,,,,,,,,,,,,,,,,,,,,,,,,,POINT (-76.949215628 38.9889238)
91541,Prince George's,Property Damage Crashes,DS0516000C,University of Maryland Police College Park,"Sideswipe, Opposite Direction",Local,No,Yes,No,No,REGENTS DR,162.0,STATE ROAD,No,True,No,11/19/2024,11/19/2024,18,UMCP,6,16,3,No,,Point,18:10,2024,Tuesday,12,Motor Vehicle In Transport,5,On Roadway,7.0,,,,FIELD HOUSE DR,,99.0,Unknown,38.988943047,3,Dark - Lighted,2024-11-19,-76.940681105,N,43.24,F,N,No,,,236BD55CE0AA376BDE5208A49D6F952689CE5FBBC5B7CF20A3C2C7FC81906249,SR,1,No,,,,,1.0,Dry,,,No,,,,,,,,,,,,,,,,,,,,,,,,,,,,,,,,,,POINT (-76.940681105 38.988943047)
5132,Prince George's,Property Damage Crashes,DS05160004,University of Maryland Police College Park,Single Vehicle,Local,No,No,No,No,FIELD HOUSE DR,168.0,STATE ROAD,No,True,No,3/9/2024,3/9/2024,13,UMCP,101,16,3,No,,Point,13:20,2024,Saturday,38,Traffic Sign Support,3,Median,7.0,,101.0,State,REGENTS DR,,9.0,Through Roadway,38.988943385,1,Daylight,2024-03-09,-76.940629154,N,43.97,F,N,No,,,FB8304CB9E238C233CDA7968C5EA4969C82D72BB4A69A160D63534BBD222A0A2,SR,1,No,,,,,9.0,Wet,,,No,,,,,,,,,,,,,,,,,,,,,,,,,,,,,,,,,,POINT (-76.94062915400001 38.988943385)
4062,Prince George's,Property Damage Crashes,DS05240005,University of Maryland Police College Park,Unknown,Local,No,Yes,No,No,REGENTS DR,162.0,STATE ROAD,No,True,No,8/18/2024,8/18/2024,16,UMCP,99,16,3,Yes,2.0,Point,16:40,2024,Sunday,38,Traffic Sign Support,3,Median,7.0,Perpendicular,101.0,State,FIELD HOUSE DR,3.0,5.0,Intersection or Related,38.989017387,1,Daylight,2024-08-18,-76.940564557,W,0.0,F,N,No,,,236BD55CE0AA376BDE5208A49D6F952689CE5FBBC5B7CF20A3C2C7FC81906249,SR,1,No,,,,,1.0,Dry,3.0,Stop - Partial,No,,,,,,,,,,,,,,,,,,,,,,,,,,,,,,,,,,POINT (-76.940564557 38.989017387)
38605,Prince George's,Property Damage Crashes,DS05260001,University of Maryland Police College Park,"Sideswipe, Same Direction",Local,No,No,Yes,No,REGENTS DR,162.0,STATE ROAD,No,True,No,8/27/2024,8/27/2024,19,UMCP,7,16,3,Yes,3.0,Point,19:10,2024,Tuesday,12,Motor Vehicle In Transport,5,On Roadway,7.0,Perpendicular,,,FIELD HOUSE DR,3.0,5.0,Intersection or Related,38.989031542,1,Daylight,2024-08-27,-76.940672142,N,0.0,F,N,No,,,236BD55CE0AA376BDE5208A49D6F952689CE5FBBC5B7CF20A3C2C7FC81906249,SR,1,No,97.0,Not Applicable,,,1.0,Dry,2.0,Stop - All Way,No,,,,,,,,,,,,,,,,,,,,,,,,,,,,,,,,,,POINT (-76.940672142 38.989031542)
60108,Prince George's,Property Damage Crashes,DS05240009,University of Maryland Police College Park,Angle,Local,No,Yes,No,No,FIELD HOUSE DR,168.0,STATE ROAD,No,True,No,11/20/2024,11/20/2024,8,UMCP,1,16,3,No,2.0,Point,08:23,2024,Wednesday,12,Motor Vehicle In Transport,5,On Roadway,7.0,Perpendicular,,,REGENTS DR,3.0,5.0,Intersection or Related,38.989036241,1,Daylight,2024-11-20,-76.94063663,N,0.0,F,N,No,,,FB8304CB9E238C233CDA7968C5EA4969C82D72BB4A69A160D63534BBD222A0A2,SR,1,No,,,,,1.0,Dry,2.0,Stop - All Way,No,,,,,,,,,,,,,,,,,,,,,,,,,,,,,,,,,,POINT (-76.94063663 38.989036241)
65304,Prince George's,Injury Crashes,DS0454000D,University of Maryland Police College Park,Single Vehicle,Local,No,No,No,Yes,REGENTS DR,162.0,STATE ROAD,No,True,No,6/24/2024,6/24/2024,10,UMCP,101,16,2,No,3.0,Point,10:57,2024,Monday,17,Pedestrian,5,On Roadway,7.0,Perpendicular,,,FIELD HOUSE DR,3.0,5.0,Intersection or Related,38.989058535,1,Daylight,2024-06-24,-76.940652327,W,0.0,F,N,No,,,236BD55CE0AA376BDE5208A49D6F952689CE5FBBC5B7CF20A3C2C7FC81906249,SR,1,No,97.0,Not Applicable,,,1.0,Dry,2.0,Stop - All Way,No,,,,,,,Pedestrian,b1fc3421-a059-44e2-b494-2a1c9201b78d,DS0454000D,100.0,Cross/Enter at Intersection,24.0,CLINTON,3.0,Right,0.0,Not Distracted,,,F,4.0,Police,3.0,Suspected Minor Injury,1.0,Intersection – Marked Crosswalk,2.0,Transit,MD,1db41e64-58d5-448c-ae73-406d37794cdb,6.0,N,20735,POINT (-76.940652327 38.989058535)
56657,Prince George's,Property Damage Crashes,DS05260003,University of Maryland Police College Park,Single Vehicle,,No,Yes,No,No,PRESIDENTIAL DR,1976.0,PRIVATE ROAD,No,True,No,9/18/2024,9/18/2024,16,UMCP,101,16,3,No,,Point,16:59,2024,Wednesday,35,"Other Fixed Object (wall, building, tunnel, etc.)",5,On Roadway,,,101.0,State,,,3.0,Driveway Access or Related,38.989075322,1,Daylight,2024-09-18,-76.949645228,W,16.7,F,N,No,,,B277456409425388FCAB88CD5E0D5E03311270F63DBD129C14B682EB6A2BE5EF,PV,1,No,,,,,1.0,Dry,,,No,,,,,,,,,,,,,,,,,,,,,,,,,,,,,,,,,,POINT (-76.94964522799999 38.989075322)
9328,Prince George's,Property Damage Crashes,DA3447003N,Prince George's County Police,Angle,Principal Arterial – Other,No,No,No,No,BALTIMORE AVE,1.0,UNITED STATE ROUTE,No,True,No,4/22/2024,4/22/2024,13,PGCOPD,1,16,3,No,,Point,13:55,2024,Monday,12,Motor Vehicle In Transport,5,On Roadway,3.0,,,,,,6.0,Non-Junction,38.989199754,1,Daylight,2024-04-22,-76.934628901,N,23.54,F,N,No,,,1BBBCE3825247D7E5C14C97E57162E779EA7C76DA038283D7298A522F091B722,US,1,No,,,,,1.0,Dry,,,No,,,,,,,,,,,,,,,,,,,,,,,,,,,,,,,,,,POINT (-76.934628901 38.989199754)
68279,Prince George's,Property Damage Crashes,DS0489000M,University of Maryland Police College Park,Rear To Side,,No,No,No,No,,,,No,True,No,4/9/2024,4/9/2024,20,UMCP,5,16,3,,,Point,20:27,2024,Tuesday,12,Motor Vehicle In Transport,2,In Parking Lane Or Zone,,,,,,,,,38.989304193,3,Dark - Lighted,2024-04-09,-76.941430246,,,F,N,Yes,102.0,Parking Lot Way,,,1,No,97.0,Not Applicable,,,,,,,No,,,,,,,,,,,,,,,,,,,,,,,,,,,,,,,,,,POINT (-76.941430246 38.989304193)
27303,Prince George's,Property Damage Crashes,DA418100F8,Prince George's County Police,Other,Local,No,No,No,No,RHODE ISLAND AVE #6,1076.0,MUNICIPAL ROAD,No,True,No,11/26/2024,11/26/2024,18,PGCOPD,98,16,3,No,3.0,Point,18:35,2024,Tuesday,12,Motor Vehicle In Transport,5,On Roadway,7.0,Perpendicular,,,NAVAHOE ST #2,3.0,5.0,Intersection or Related,38.989315508,3,Dark - Lighted,2024-11-26,-76.928604926,N,0.0,F,N,No,,,D17C35B093306A8098A900D5B340F8F601A0652685603795C8814B14DB8F03AC,MU,1,No,,,,,1.0,Dry,3.0,Stop - Partial,No,,,,,,,,,,,,,,,,,,,,,,,,,,,,,,,,,,POINT (-76.92860492600001 38.989315508)
65666,Prince George's,Injury Crashes,DA418100D5,Prince George's County Police,"Sideswipe, Same Direction",Principal Arterial – Other,No,No,No,No,UNIVERSITY BLVD,193.0,MARYLAND ROUTE,No,True,No,6/6/2024,6/6/2024,23,PGCOPD,7,16,2,No,,Point,23:20,2024,Thursday,12,Motor Vehicle In Transport,5,On Roadway,3.0,,,,,,9.0,Through Roadway,38.989315916,3,Dark - Lighted,2024-06-06,-76.951578709,W,552.57,F,N,No,,,79DC4C31DB11E46B5CE3C267FBD73719056C9E61291030ACFF2C2D3577525E5A,MD,1,No,12.0,Motor Vehicle In Transport,5.0,On Roadway,9.0,Wet,,,No,,,,,,,,,,,,,,,,,,,,,,,,,,,,,,,,,,POINT (-76.951578709 38.989315916)
37156,Prince George's,Property Damage Crashes,DA43320025,Prince George's County Police,Front to Rear,Principal Arterial – Other,No,No,No,No,BALTIMORE AVE,1.0,UNITED STATE ROUTE,No,True,Yes,6/12/2024,6/12/2024,14,PGCOPD,3,16,3,No,,Point,14:20,2024,Wednesday,12,Motor Vehicle In Transport,5,On Roadway,3.0,,101.0,State,,,6.0,Non-Junction,38.989357158,1,Daylight,2024-06-12,-76.934559045,S,38.1,F,N,No,,,1BBBCE3825247D7E5C14C97E57162E779EA7C76DA038283D7298A522F091B722,US,1,No,,,,,1.0,Dry,,,Yes,N,1.0,Before the First Work Zone Warning Sign,2.0,Lane Shift/Crossover,Yes,,,,,,,,,,,,,,,,,,,,,,,,,,,,POINT (-76.934559045 38.989357158)
49989,Prince George's,Property Damage Crashes,DS04870008,University of Maryland Police College Park,Single Vehicle,Local,No,No,No,No,FIELD HOUSE DR,168.0,STATE ROAD,No,True,No,1/24/2024,1/24/2024,16,UMCP,101,16,3,Yes,,Point,16:37,2024,Wednesday,13,Other Non-Fixed Object,5,On Roadway,7.0,,101.0,State,,,1.0,Acceleration/Deceleration Lane,38.989389372,101,Dusk,2024-01-24,-76.942751395,E,15.41,F,N,No,,,D3A774F14FEDA33438BC3B97EF0D8E5BCCC84D3C057C1EF8994E642630E5CA75,SR,1,No,,,,,1.0,Dry,,,No,,,,,,,,,,,,,,,,,,,,,,,,,,,,,,,,,,POINT (-76.942751395 38.989389372)
9975,Prince George's,Property Damage Crashes,DS0506000L,University of Maryland Police College Park,Unknown,,No,No,No,No,,,,Yes,True,No,10/11/2024,10/11/2024,11,UMCP,99,16,3,,,Point,11:47,2024,Friday,40,Tree (standing),4,"Off-Roadway, Location Unknown",,,,,,,,,38.989616145,1,Daylight,2024-10-11,-76.940466785,,,F,N,Yes,103.0,Private Road,,,1,No,40.0,Tree (standing),99.0,Unknown,,,,,No,,,,,,,,,,,,,,,,,,,,,,,,,,,,,,,,,,POINT (-76.940466785 38.989616145)
104465,Prince George's,Property Damage Crashes,DS05200008,University of Maryland Police College Park,Angle,,No,No,No,No,,,,No,True,No,3/11/2024,3/11/2024,17,UMCP,1,16,3,,,Point,17:13,2024,Monday,15,Parked Vehicle,2,In Parking Lane Or Zone,,,,,,,,,38.989648206,1,Daylight,2024-03-11,-76.941285295,,,F,N,Yes,102.0,Parking Lot Way,,,1,No,,,,,,,,,No,,,,,,,,,,,,,,,,,,,,,,,,,,,,,,,,,,POINT (-76.941285295 38.989648206)
74142,Prince George's,Property Damage Crashes,DS05110002,University of Maryland Police College Park,Front to Front,,No,No,No,No,,,,Yes,True,No,5/5/2024,5/5/2024,0,UMCP,2,16,3,,,Point,00:04,2024,Sunday,15,Parked Vehicle,99,Unknown,,,101.0,State,,,,,38.989818167,3,Dark - Lighted,2024-05-05,-76.941256838,,,F,N,Yes,102.0,Parking Lot Way,,,1,No,19.0,Strikes Object at Rest from Motor Vehicle In Transport,99.0,Unknown,,,,,No,,,,,,,,,,,,,,,,,,,,,,,,,,,,,,,,,,POINT (-76.941256838 38.989818167)