,Crash County Description,Crash Severity Description,Reportnumber,Agencyname,CollisionImpact Description,FunctionalClass Description,ImpairedCrash,Large Vehicle Involved,Motorcycle Crash,Non-Motorist Crash,RoadName,Route Number,RouteType Description,Unrestrained Occupants,WithinDateRange,Work Zone Related,Crashdate,LOD Crash Date,Crashhour,AgencyCode,CollisionImpact,Crash County,Crash Severity,Crash Within Interchange,CrashInterchangeApproaches,CrashPoint,Crashtime,CrashYear,Dayofweek,FirstHarmEvent,FirstHarmEvent Description,FirstHarmLocation,FirstHarmLocation Description,FunctionalClass,Geometry Description,GovPropertyDamage,GovPropertyDamage Description,IntersectingRoadName,Intersection Geometry,JunctionRelated,JunctionRelated Description,Latitude,Light,Light Description,LOD Date Level,Longitude,MilepointDirection,MilepointDistance,MilepointUnits,NonTrafficFatal,OffRoad,OffroadLocation,OffroadLocation Description,RoadID,RouteType,SchoolBusRelated,SchoolBusRelated Description,SecondHarmEvent,SecondHarmEvent Description,SecondHarmLocation,SecondHarmLocation Description,Surface,Surface Description,TrafficControl,Trafficcontrol Description,Work Zone Crash,WZLawEnforcementPresent,WZLocation,WZLocation Description,WZType,WZType Description,WZWorkersPresent,Type NM Description,PersonID NM,ReportNumber NM,ActionPriorToCrash NM,ActionPriorToCrash NM Description,Age NM,City NM,ContactPoint NM,ContactPoint NM Description,DistractedByAction NM,DistractedByAction NM Description,DistractedBySource,DistractedBySource Description,Gender NM,IncidentResponder NM,IncidentResponder NM Description,InjuryStatus NM,InjuryStatus NM Description,Location NM,Location NM Description,OriginDestination NM,OriginDestination NM Description,State NM,StruckByVehID NM,Type NM,Unknown NM,ZipCode NM,geometry
65451,Prince George's,Property Damage Crashes,DA4151005B,Prince George's County Police,Front to Rear,Local,No,No,No,No,TERRAPIN TR,203.0,STATE ROAD,No,True,No,11/6/2024,11/6/2024,14,PGCOPD,3,16,3,No,,Point,14:54,2024,Wednesday,12,Motor Vehicle In Transport,5,On Roadway,7.0,,,,,,9.0,Through Roadway,38.995874847,1,Daylight,2024-11-06,-76.947288591,S,19.16,F,N,No,,,2AC61AA0939698445B67A280DB36BD6D0A0D05A528CE8FE6871C0FC691BF591D,SR,1,No,,,,,1.0,Dry,,,No,,,,,,,,,,,,,,,,,,,,,,,,,,,,,,,,,,POINT (-76.947288591 38.995874847)
69244,Prince George's,Property Damage Crashes,DA4268005V,Prince George's County Police,Single Vehicle,,No,No,No,No,,,,No,True,No,7/28/2024,7/28/2024,19,PGCOPD,101,16,3,,,Point,19:05,2024,Sunday,13,Other Non-Fixed Object,99,Unknown,,,,,,,,,38.996078675,1,Daylight,2024-07-28,-76.93059589,,,F,N,Yes,102.0,Parking Lot Way,,,1,No,,,,,,,,,No,,,,,,,,,,,,,,,,,,,,,,,,,,,,,,,,,,POINT (-76.93059589000001 38.996078675)
41758,Prince George's,Property Damage Crashes,MSP7395002S,Maryland State Police,"Sideswipe, Same Direction",Principal Arterial – Other,No,Yes,No,No,BALTIMORE AVE,1.0,UNITED STATE ROUTE,No,True,No,1/18/2024,1/18/2024,10,MSP,7,16,3,No,,Point,10:45,2024,Thursday,12,Motor Vehicle In Transport,5,On Roadway,3.0,,101.0,State,,,6.0,Non-Junction,38.996266942,1,Daylight,2024-01-18,-76.9319291,S,62.34,F,N,No,,,4B12E6D944691A79736133A61E02F378073ADB84F51CF5E97C8DB83A7D25577A,US,1,No,97.0,Not Applicable,,,1.0,Dry,,,No,,,,,,,,,,,,,,,,,,,,,,,,,,,,,,,,,,POINT (-76.9319291 38.996266942)
26347,Prince George's,Property Damage Crashes,DA3496001W,Prince George's County Police,Front to Rear,Principal Arterial – Other,No,No,No,No,,1.0,UNITED STATE ROUTE,No,True,No,10/21/2024,10/21/2024,13,PGCOPD,3,16,3,No,,Point,13:37,2024,Monday,12,Motor Vehicle In Transport,5,On Roadway,3.0,,,,,,9.0,Through Roadway,38.996369951,1,Daylight,2024-10-21,-76.931764878,E,1.96,F,N,No,,,49D4B2100FA83F74DA578FD41B449D682573E8BE2369ACD8C8D4AAEAFBABDEDA,US,1,No,,,,,1.0,Dry,,,No,,,,,,,,,,,,,,,,,,,,,,,,,,,,,,,,,,POINT (-76.931764878 38.996369951)
85709,Prince George's,Property Damage Crashes,DA42680069,Prince George's County Police,"Sideswipe, Opposite Direction",Principal Arterial – Other,No,No,Yes,No,BALTIMORE AVE,1.0,UNITED STATE ROUTE,No,True,No,9/25/2024,9/25/2024,17,PGCOPD,6,16,3,No,,Point,17:51,2024,Wednesday,12,Motor Vehicle In Transport,5,On Roadway,3.0,,,,,,9.0,Through Roadway,38.99691599,1,Daylight,2024-09-25,-76.931598724,N,34.41,F,N,No,,,CCAB73E6BEF8466B44BEC7C561184C769AD4CAA10AFDBA7E6B4D3F56CFB09AE3,US,1,No,,,,,9.0,Wet,,,No,,,,,,,,,,,,,,,,,,,,,,,,,,,,,,,,,,POINT (-76.931598724 38.99691599)
54312,Prince George's,Property Damage Crashes,DS0503000D,University of Maryland Police College Park,Front to Rear,,No,No,No,No,,,,No,True,No,3/4/2024,3/4/2024,11,UMCP,3,16,3,,,Point,11:03,2024,Monday,12,Motor Vehicle In Transport,2,In Parking Lane Or Zone,,,101.0,State,,,,,38.996969972,1,Daylight,2024-03-04,-76.921716601,,,F,N,Yes,102.0,Parking Lot Way,,,1,No,15.0,Parked Vehicle,2.0,In Parking Lane Or Zone,,,,,No,,,,,,,,,,,,,,,,,,,,,,,,,,,,,,,,,,POINT (-76.921716601 38.996969972)
84643,Prince George's,Property Damage Crashes,DA4069009J,Prince George's County Police,Single Vehicle,Principal Arterial – Other,No,No,No,No,BALTIMORE AVE,1.0,UNITED STATE ROUTE,No,True,No,10/28/2024,10/28/2024,21,PGCOPD,101,16,3,No,,Point,21:59,2024,Monday,36,"Other Post, Pole, Or Support",7,"On Shoulder, Right Side",3.0,,,,,,9.0,Through Roadway,38.997109231,3,Dark - Lighted,2024-10-28,-76.931579209,W,24.61,F,N,No,,,F07C935934EA172F2B847311B5442CEFC5E635752C88715692BE7619387C1471,US,1,No,,,,,1.0,Dry,,,No,,,,,,,,,,,,,,,,,,,,,,,,,,,,,,,,,,POINT (-76.93157920900001 38.997109231)
75525,Prince George's,Property Damage Crashes,DA418100DR,Prince George's County Police,Single Vehicle,,No,Yes,No,No,,,,No,True,No,9/3/2024,9/3/2024,13,PGCOPD,101,16,3,,,Point,13:02,2024,Tuesday,35,"Other Fixed Object (wall, building, tunnel, etc.)",4,"Off-Roadway, Location Unknown",,,,,,,,,38.997122967,1,Daylight,2024-09-03,-76.931451704,,,F,N,Yes,102.0,Parking Lot Way,,,1,No,,,,,,,,,No,,,,,,,,,,,,,,,,,,,,,,,,,,,,,,,,,,POINT (-76.931451704 38.997122967)
97520,Prince George's,Injury Crashes,DA3438001P,Prince George's County Police,"Sideswipe, Opposite Direction",,No,No,No,No,,,,No,True,No,12/5/2024,12/5/2024,16,PGCOPD,6,16,2,,,Point,16:14,2024,Thursday,12,Motor Vehicle In Transport,2,In Parking Lane Or Zone,,,,,,,,,38.997270253,3,Dark - Lighted,2024-12-05,-76.926273124,,,F,N,Yes,102.0,Parking Lot Way,,,1,No,,,,,,,,,No,,,,,,,,,,,,,,,,,,,,,,,,,,,,,,,,,,POINT (-76.92627312400001 38.997270253)
37347,Prince George's,Property Damage Crashes,DA401800C1,Prince George's County Police,Front to Rear,Major Collector,No,No,No,No,METZEROTT RD,230.0,COUNTY ROAD,No,True,No,12/19/2024,12/19/2024,14,PGCOPD,3,16,3,No,,Point,14:55,2024,Thursday,12,Motor Vehicle In Transport,5,On Roadway,5.0,,,,,,6.0,Non-Junction,38.997304796,1,Daylight,2024-12-19,-76.935625999,W,2521.53,F,N,No,,,D3A21F4D9EE31E7330B24614B5EE5CB940BE633C1F35B996203C31CC7830B759,CO,1,No,12.0,Motor Vehicle In Transport,5.0,On Roadway,1.0,Dry,,,No,,,,,,,,,,,,,,,,,,,,,,,,,,,,,,,,,,POINT (-76.935625999 38.997304796)
54374,Prince George's,Property Damage Crashes,DS0415001R,University of Maryland Police College Park,"Sideswipe, Same Direction",Local,No,No,No,No,PAINT BRANCH DR,95.0,STATE ROAD,Yes,True,No,5/20/2024,5/20/2024,16,UMCP,7,16,3,No,,Point,16:30,2024,Monday,12,Motor Vehicle In Transport,5,On Roadway,7.0,,,,,,6.0,Non-Junction,38.99731362,1,Daylight,2024-05-20,-76.939759127,E,10.44,F,N,No,,,A3F359C952320607DC573E3368AD5D44E545A11465C7A41A0EDEC149F8DE1E73,SR,1,No,12.0,Motor Vehicle In Transport,5.0,On Roadway,1.0,Dry,,,No,,,,,,,,,,,,,,,,,,,,,,,,,,,,,,,,,,POINT (-76.939759127 38.99731362)
67619,Prince George's,Property Damage Crashes,DA418100CP,Prince George's County Police,Single Vehicle,Principal Arterial – Other,No,No,No,No,UNIVERSITY BLVD (WB/L),193.0,MARYLAND ROUTE,No,True,No,3/23/2024,3/23/2024,2,PGCOPD,101,16,3,Yes,,Point,02:15,2024,Saturday,31,Guardrail End Terminal,9,Roadside,3.0,,101.0,State,,,9.0,Through Roadway,38.997531349,4,Dark - Not Lighted,2024-03-23,-76.948060658,E,26.39,F,N,No,,,CB1BAF54703EA3EB755AC538EEF9C744581C1D34F8794A47BF468FFF451FDEFE,MD,1,No,,,,,9.0,Wet,,,No,,,,,,,,,,,,,,,,,,,,,,,,,,,,,,,,,,POINT (-76.948060658 38.997531349)
38716,Prince George's,Property Damage Crashes,DS0421002B,University of Maryland Police College Park,Unknown,,No,No,No,No,,,,No,True,No,11/26/2024,11/26/2024,10,UMCP,99,16,3,,,Point,10:00,2024,Tuesday,13,Other Non-Fixed Object,99,Unknown,,,101.0,State,,,,,38.99764775,99,Unknown,2024-11-26,-76.921647001,,,F,N,Yes,102.0,Parking Lot Way,,,1,No,97.0,Not Applicable,,,,,,,No,,,,,,,,,,,,,,,,,,,,,,,,,,,,,,,,,,POINT (-76.921647001 38.99764775)
98652,Prince George's,Property Damage Crashes,DA3447003P,Prince George's County Police,"Sideswipe, Same Direction",Principal Arterial – Other,No,No,No,No,,1.0,UNITED STATE ROUTE,No,True,No,4/28/2024,4/28/2024,17,PGCOPD,7,16,3,No,,Point,17:30,2024,Sunday,12,Motor Vehicle In Transport,5,On Roadway,3.0,,,,,,9.0,Through Roadway,38.997770833,1,Daylight,2024-04-28,-76.931576547,N,13.17,F,N,No,,,0299CB07225096FF1A7B9DB618BB5B5917031D2DB04B790326B7679EE9130427,US,1,No,,,,,1.0,Dry,,,No,,,,,,,,,,,,,,,,,,,,,,,,,,,,,,,,,,POINT (-76.93157654700001 38.997770833)
43122,Prince George's,Property Damage Crashes,DA302000DS,Prince George's County Police,Single Vehicle,Principal Arterial – Other,No,No,No,No,,1.0,UNITED STATE ROUTE,No,True,No,5/15/2024,5/15/2024,1,PGCOPD,101,16,3,No,,Point,01:43,2024,Wednesday,36,"Other Post, Pole, Or Support",5,On Roadway,3.0,,,,,,9.0,Through Roadway,38.997808636,4,Dark - Not Lighted,2024-05-15,-76.931509369,W,18.95,F,N,No,,,0299CB07225096FF1A7B9DB618BB5B5917031D2DB04B790326B7679EE9130427,US,1,No,,,,,9.0,Wet,,,No,,,,,,,,,,,,,,,,,,,,,,,,,,,,,,,,,,POINT (-76.931509369 38.997808636)
15937,Prince George's,Property Damage Crashes,DS0242001R,University of Maryland Police College Park,Single Vehicle,Principal Arterial – Other,No,No,No,No,UNIVERSITY BLVD (WB/L),193.0,MARYLAND ROUTE,No,True,No,3/19/2024,3/19/2024,13,UMCP,101,16,3,No,,Point,13:23,2024,Tuesday,32,Guardrail Face,7,"On Shoulder, Right Side",3.0,,101.0,State,,,6.0,Non-Junction,38.997929375,1,Daylight,2024-03-19,-76.947590222,E,35.04,F,N,No,,,2D65312A965F6E10BCB4484329641C00AFF47CC871B91095F33072A8D4CB5B5B,MD,1,No,97.0,Not Applicable,,,1.0,Dry,,,No,,,,,,,,,,,,,,,,,,,,,,,,,,,,,,,,,,POINT (-76.947590222 38.997929375)
71280,Prince George's,Injury Crashes,DS0426001L,University of Maryland Police College Park,Single Vehicle,Local,No,No,No,Yes,PAINT BRANCH DR,95.0,STATE ROAD,No,True,No,8/30/2024,8/30/2024,11,UMCP,101,16,2,No,,Point,11:45,2024,Friday,16,Pedalcycle,2,In Parking Lane Or Zone,7.0,,,,,,6.0,Non-Junction,38.997930689,1,Daylight,2024-08-30,-76.940572326,N,36.14,F,N,No,,,E4B8558ABE22A24AE98A2FF5F9C4B6C5FA9613BCB44C9C955AA4A68185F1CF87,SR,1,No,12.0,Motor Vehicle In Transport,2.0,In Parking Lane Or Zone,9.0,Wet,,,No,,,,,,,Cyclist (Electric),5d03fcaf-9d1a-4c8b-b0f1-3b5b7fa34b2d,DS0426001L,6.0,Walking/Cycling Along Roadway With Traffic (In or Adjacent to Travel Lane),20.0,HURLOCK,12.0,Front,0.0,Not Distracted,,,M,1.0,No,4.0,Possible Injury,10.0,On-Street Bike Lanes,97.0,Not Applicable,MD,6ccc6df3-acc6-4cc9-90fe-1709a476e9f9,100.0,N,21643,POINT (-76.94057232599999 38.997930689)
74848,Prince George's,Property Damage Crashes,DA4069008K,Prince George's County Police,"Sideswipe, Same Direction",Principal Arterial – Other,No,Yes,No,No,,1.0,UNITED STATE ROUTE,No,True,Yes,2/11/2024,2/11/2024,16,PGCOPD,7,16,3,Yes,,Point,16:38,2024,Sunday,12,Motor Vehicle In Transport,5,On Roadway,3.0,,100.0,Local,,,1.0,Acceleration/Deceleration Lane,38.998023898,1,Daylight,2024-02-11,-76.931529882,N,28.88,F,N,No,,,37FDDD94F6F6B25000922BAFC8844ECA63C75188B8B1A225FE77B3E09DDCE90D,US,1,No,,,,,9.0,Wet,,,Yes,N,4.0,Activity Area,3.0,Work on Shoulder or Median,No,,,,,,,,,,,,,,,,,,,,,,,,,,,,POINT (-76.93152988200001 38.998023898)
14130,Prince George's,Injury Crashes,DA40690090,Prince George's County Police,Single Vehicle,Local,No,No,No,No,RHODE ISLAND AVE,1070.0,MUNICIPAL ROAD,No,True,No,6/2/2024,6/2/2024,5,PGCOPD,101,16,2,Yes,,Point,05:48,2024,Sunday,27,Curb,9,Roadside,7.0,,,,,,10.0,"Other Location Not Listed Above Within an Interchange Area (median,
shoulder and roadside)",38.99809843,1,Daylight,2024-06-02,-76.925793417,W,7.68,F,N,No,,,BDE06042B8B7F4AC9FF55621D15A22389FFD13EB12F8C149B09ECB139A2945B5,MU,1,No,,,,,1.0,Dry,,,No,,,,,,,,,,,,,,,,,,,,,,,,,,,,,,,,,,POINT (-76.92579341699999 38.99809843)
31053,Prince George's,Property Damage Crashes,DA418100DL,Prince George's County Police,Front to Rear,Principal Arterial – Other,No,No,No,No,GREENBELT RD,430.0,MARYLAND ROUTE,No,True,No,8/11/2024,8/11/2024,2,PGCOPD,3,16,3,No,,Point,02:27,2024,Sunday,12,Motor Vehicle In Transport,5,On Roadway,3.0,,,,,,9.0,Through Roadway,38.998105369,5,Dark - Unknown Lighting,2024-08-11,-76.927176823,N,37.02,F,N,No,,,2DC41A7CBC44DE3550B373A81EA914E028B068BF3F6C76B0A2D7DBD616614221,MD,1,No,12.0,Motor Vehicle In Transport,5.0,On Roadway,1.0,Dry,,,No,,,,,,,,,,,,,,,,,,,,,,,,,,,,,,,,,,POINT (-76.927176823 38.998105369)
4793,Prince George's,Property Damage Crashes,DA418100DK,Prince George's County Police,Single Vehicle,Local,No,No,No,No,49TH AVE #5,9495.0,MUNICIPAL ROAD,No,True,No,8/10/2024,8/10/2024,18,PGCOPD,101,16,3,No,,Point,18:59,2024,Saturday,27,Curb,9,Roadside,7.0,,100.0,Local,,,9.0,Through Roadway,38.998105369,1,Daylight,2024-08-10,-76.927176823,N,20.05,F,N,No,,,190D7CA162C92702360530FBD0EA359FE8583FE4953F2D8668505CC89856E2B2,MU,1,No,30.0,Fence,4.0,"Off-Roadway, Location Unknown",1.0,Dry,,,No,,,,,,,,,,,,,,,,,,,,,,,,,,,,,,,,,,POINT (-76.927176823 38.998105369)
660,Prince George's,Injury Crashes,DA44180007,Prince George's County Police,Other,Principal Arterial – Other,No,No,No,No,GREENBELT RD (WB/L),193.0,MARYLAND ROUTE,No,True,No,12/24/2024,12/24/2024,9,PGCOPD,98,16,2,No,,Point,09:39,2024,Tuesday,12,Motor Vehicle In Transport,5,On Roadway,3.0,,,,,,6.0,Non-Junction,38.99812708,1,Daylight,2024-12-24,-76.920415093,E,14.88,F,N,No,,,DE1E623EF441A51BAA957104226C5E6CCFA5228DA1D153B48AF0EF621734A3F1,MD,1,No,,,,,6.0,Slush,,,No,,,,,,,,,,,,,,,,,,,,,,,,,,,,,,,,,,POINT (-76.920415093 38.99812708)
46945,Prince George's,Injury Crashes,DA3965008K,Prince George's County Police,Front to Rear,Principal Arterial – Other,No,No,No,No,GREENBELT RD (WB/L),430.0,MARYLAND ROUTE,No,True,No,12/8/2024,12/8/2024,19,PGCOPD,3,16,2,Yes,,Point,19:50,2024,Sunday,15,Parked Vehicle,7,"On Shoulder, Right Side",3.0,,,,,,9.0,Through Roadway,38.998167126,5,Dark - Unknown Lighting,2024-12-08,-76.927783779,E,35.13,F,N,No,,,601C2DF74CCB887E6EE51D85CB57F6703E9EDCA69B087735C778D48613501349,MD,1,No,,,,,1.0,Dry,,,No,,,,,,,,,,,,,,,,,,,,,,,,,,,,,,,,,,POINT (-76.92778377899999 38.998167126)
102,Prince George's,Property Damage Crashes,DA43870019,Prince George's County Police,Front to Rear,Local,No,No,No,No,NO NAME,193.0,MARYLAND ROUTE,No,True,No,10/18/2024,10/18/2024,16,PGCOPD,3,16,3,No,,Point,16:45,2024,Friday,12,Motor Vehicle In Transport,5,On Roadway,7.0,,,,,,6.0,Non-Junction,38.998255594,1,Daylight,2024-10-18,-76.929156193,N,48.82,F,N,No,,,7AE44044EF1F6BC1751D206549CD1EC1BAF466670E00E24DFACB577AAD69091E,MD,1,No,,,,,1.0,Dry,,,No,,,,,,,,,,,,,,,,,,,,,,,,,,,,,,,,,,POINT (-76.929156193 38.998255594)
54196,Prince George's,Property Damage Crashes,DA43870005,Prince George's County Police,Rear To Side,Principal Arterial – Other,No,No,No,No,UNIVERSITY BLVD,193.0,MARYLAND ROUTE,No,True,No,2/9/2024,2/9/2024,6,PGCOPD,5,16,3,Yes,2.0,Point,06:26,2024,Friday,12,Motor Vehicle In Transport,5,On Roadway,3.0,Perpendicular,,,GREENBELT RD (WB/L),3.0,5.0,Intersection or Related,38.998286977,3,Dark - Lighted,2024-02-09,-76.923711649,E,0.0,F,N,No,,,BD7929A7A349E28DFAF8843C87D6FAD5A45A505ECC5FBB434A2618E8524B27A9,MD,1,No,,,,,1.0,Dry,1.0,Signalized,No,,,,,,,,,,,,,,,,,,,,,,,,,,,,,,,,,,POINT (-76.923711649 38.998286977)
47128,Prince George's,Property Damage Crashes,DA42730042,Prince George's County Police,"Sideswipe, Opposite Direction",Principal Arterial – Other,No,No,No,No,GREENBELT RD (WB/L),430.0,MARYLAND ROUTE,No,True,No,4/29/2024,4/29/2024,6,PGCOPD,6,16,3,No,,Point,06:01,2024,Monday,12,Motor Vehicle In Transport,5,On Roadway,3.0,,,,,,6.0,Non-Junction,38.998338607,1,Daylight,2024-04-29,-76.923621158,W,26.26,F,N,No,,,248C343F35A831E1DA8451A843257B413071F3BE220A638A2D384AFA6BC2377A,MD,1,No,12.0,Motor Vehicle In Transport,5.0,On Roadway,1.0,Dry,,,No,,,,,,,,,,,,,,,,,,,,,,,,,,,,,,,,,,POINT (-76.923621158 38.998338607)
63440,Prince George's,Property Damage Crashes,DA4069009M,Prince George's County Police,Angle,Principal Arterial – Other,No,No,No,No,UNIVERSITY BLVD,193.0,MARYLAND ROUTE,No,True,No,11/3/2024,11/3/2024,21,PGCOPD,1,16,3,Yes,2.0,Point,21:21,2024,Sunday,12,Motor Vehicle In Transport,5,On Roadway,3.0,Perpendicular,,,GREENBELT RD (WB/L),3.0,5.0,Intersection or Related,38.998342453,3,Dark - Lighted,2024-11-03,-76.923585076,S,0.0,F,N,No,,,BD7929A7A349E28DFAF8843C87D6FAD5A45A505ECC5FBB434A2618E8524B27A9,MD,1,No,,,,,1.0,Dry,1.0,Signalized,No,,,,,,,,,,,,,,,,,,,,,,,,,,,,,,,,,,POINT (-76.92358507599999 38.998342453)
43472,Prince George's,Injury Crashes,DA3965008F,Prince George's County Police,Angle,Principal Arterial – Other,No,No,No,No,GREENBELT RD (WB/L),430.0,MARYLAND ROUTE,No,True,No,10/17/2024,10/17/2024,0,PGCOPD,1,16,2,No,,Point,00:14,2024,Thursday,12,Motor Vehicle In Transport,5,On Roadway,3.0,,,,UNIVERSITY BLVD,,2.0,Crossover-Related,38.998347195,5,Dark - Unknown Lighting,2024-10-17,-76.923629725,E,15.93,F,N,No,,,3CC45579FB0C599B1F98BCCF5CA46A81EC0550ECD65722A7B3DDF01DDC4FBA0E,MD,1,No,,,,,1.0,Dry,,,No,,,,,,,,,,,,,,,,,,,,,,,,,,,,,,,,,,POINT (-76.923629725 38.998347195)
91714,Prince George's,Property Damage Crashes,DA4069008P,Prince George's County Police,"Sideswipe, Same Direction",Major Collector,No,Yes,No,No,RHODE ISLAND AVE (NB/L),171.0,MUNICIPAL ROAD,No,True,No,3/12/2024,3/12/2024,17,PGCOPD,7,16,3,Yes,,Point,17:18,2024,Tuesday,12,Motor Vehicle In Transport,5,On Roadway,5.0,,101.0,State,,,9.0,Through Roadway,38.998364691,1,Daylight,2024-03-12,-76.925477859,S,14.2,F,N,No,,,B7761124BDEEFD234991DC828CD5469EEAF3354A7B3123F34FAD787C091A3100,MU,1,No,,,,,1.0,Dry,,,No,,,,,,,,,,,,,,,,,,,,,,,,,,,,,,,,,,POINT (-76.925477859 38.998364691)
43446,Prince George's,Property Damage Crashes,ZP05150005,Prince George's County Sheriff's Office,Front to Rear,Principal Arterial – Other,No,No,No,No,GREENBELT RD (WB/L),193.0,MARYLAND ROUTE,No,True,No,2/7/2024,2/7/2024,21,PGCOSHERIFF,3,16,3,No,,Point,21:56,2024,Wednesday,12,Motor Vehicle In Transport,5,On Roadway,3.0,,,,,,99.0,Unknown,38.998408601,3,Dark - Lighted,2024-02-07,-76.922913956,S,43.77,F,N,No,,,2563BB17262CB260BE0843B1C2774FF0A4F6C4D7BBFD4B4DD477141E45C8034F,MD,1,No,,,,,1.0,Dry,,,No,,,,,,,,,,,,,,,,,,,,,,,,,,,,,,,,,,POINT (-76.922913956 38.998408601)
105909,Prince George's,Property Damage Crashes,DA418600B2,Prince George's County Police,Front to Rear,Principal Arterial – Other,No,No,No,No,,1.0,UNITED STATE ROUTE,No,True,No,9/17/2024,9/17/2024,16,PGCOPD,3,16,3,Yes,3.0,Point,16:51,2024,Tuesday,12,Motor Vehicle In Transport,5,On Roadway,3.0,Perpendicular,,,GREENBELT RD GREENBELT RD (WB/L),3.0,5.0,Intersection or Related,38.998431918,1,Daylight,2024-09-17,-76.93150057,N,0.0,F,N,No,,,E4E880BA64776B3268FA658218829B558DD485C7CFD612BF839C3ADA51CDBF85,US,1,No,,,,,9.0,Wet,1.0,Signalized,No,,,,,,,,,,,,,,,,,,,,,,,,,,,,,,,,,,POINT (-76.93150057 38.998431918)
10554,Prince George's,Property Damage Crashes,DA4066006L,Prince George's County Police,Front to Rear,Principal Arterial – Other,No,No,No,No,BALTIMORE AVE,1.0,UNITED STATE ROUTE,No,True,No,10/23/2024,10/23/2024,21,PGCOPD,3,16,3,Yes,,Point,21:00,2024,Wednesday,12,Motor Vehicle In Transport,5,On Roadway,3.0,,,,,,9.0,Through Roadway,38.998464654,3,Dark - Lighted,2024-10-23,-76.931463602,S,10.56,F,N,No,,,E75A8F75A997EC315D59C7C6C8C5FAD6F4977B39BC466FF11D0826A83B957D5D,US,1,No,,,,,1.0,Dry,,,No,,,,,,,,,,,,,,,,,,,,,,,,,,,,,,,,,,POINT (-76.93146360199999 38.998464654)
72172,Prince George's,Property Damage Crashes,DA40830065,Prince George's County Police,"Sideswipe, Same Direction",Minor Arterial,No,No,No,No,ADELPHI RD (NB/L),232.0,COUNTY ROAD,No,True,No,11/4/2024,11/4/2024,19,PGCOPD,7,16,3,No,,Point,19:35,2024,Monday,12,Motor Vehicle In Transport,5,On Roadway,4.0,,,,,,6.0,Non-Junction,38.998510724,3,Dark - Lighted,2024-11-04,-76.962008713,S,16.79,F,N,No,,,4161EB050C00110BE7D11FF286324F0607B8EC1A447BA0792C138B79CA77B875,CO,1,No,,,,,1.0,Dry,,,No,,,,,,,,,,,,,,,,,,,,,,,,,,,,,,,,,,POINT (-76.962008713 38.998510724)
20821,Prince George's,Property Damage Crashes,DA418800DP,Prince George's County Police,Angle,Principal Arterial – Other,No,No,No,No,GREENBELT RD (WB/L),430.0,MARYLAND ROUTE,No,True,No,4/29/2024,4/29/2024,23,PGCOPD,1,16,3,No,3.0,Point,23:17,2024,Monday,12,Motor Vehicle In Transport,5,On Roadway,3.0,Perpendicular,,,BALTIMORE AVE,3.0,5.0,Intersection or Related,38.9985109,3,Dark - Lighted,2024-04-29,-76.931468688,N,0.0,F,N,No,,,743553DAF46161C063B52E8B7968D88A71CE6D70A62E4670406E8D1261D3E07A,MD,1,No,,,,,1.0,Dry,1.0,Signalized,No,,,,,,,,,,,,,,,,,,,,,,,,,,,,,,,,,,POINT (-76.931468688 38.9985109)
40606,Prince George's,Property Damage Crashes,DA3272000D,Prince George's County Police,"Sideswipe, Same Direction",Principal Arterial – Other,No,No,No,No,,1.0,UNITED STATE ROUTE,No,True,No,5/19/2024,5/19/2024,18,PGCOPD,7,16,3,No,2.0,Point,18:13,2024,Sunday,12,Motor Vehicle In Transport,5,On Roadway,3.0,Perpendicular,,,GREENBELT RD GREENBELT RD (WB/L),3.0,5.0,Intersection or Related,38.998518948,1,Daylight,2024-05-19,-76.931483897,N,0.0,F,N,No,,,E4E880BA64776B3268FA658218829B558DD485C7CFD612BF839C3ADA51CDBF85,US,1,No,,,,,1.0,Dry,1.0,Signalized,No,,,,,,,,,,,,,,,,,,,,,,,,,,,,,,,,,,POINT (-76.93148389700001 38.998518948)
6168,Prince George's,Property Damage Crashes,DA405100CW,Prince George's County Police,Angle,Principal Arterial – Other,No,No,No,No,BALTIMORE AVE,1.0,UNITED STATE ROUTE,No,True,No,7/5/2024,7/5/2024,18,PGCOPD,1,16,3,Yes,,Point,18:33,2024,Friday,12,Motor Vehicle In Transport,5,On Roadway,3.0,,,,,,9.0,Through Roadway,38.998634415,1,Daylight,2024-07-05,-76.931434011,S,16.92,F,N,No,,,0DF043E01090271C48EDF7B9D0E76527D85FC93157AF49AB87E8D72A1FB4EF76,US,1,No,,,,,1.0,Dry,,,No,,,,,,,,,,,,,,,,,,,,,,,,,,,,,,,,,,POINT (-76.93143401099999 38.998634415)