,Crash County Description,Crash Severity Description,Reportnumber,Agencyname,CollisionImpact Description,FunctionalClass Description,ImpairedCrash,Large Vehicle Involved,Motorcycle Crash,Non-Motorist Crash,RoadName,Route Number,RouteType Description,Unrestrained Occupants,WithinDateRange,Work Zone Related,Crashdate,LOD Crash Date,Crashhour,AgencyCode,CollisionImpact,Crash County,Crash Severity,Crash Within Interchange,CrashInterchangeApproaches,CrashPoint,Crashtime,CrashYear,Dayofweek,FirstHarmEvent,FirstHarmEvent Description,FirstHarmLocation,FirstHarmLocation Description,FunctionalClass,Geometry Description,GovPropertyDamage,GovPropertyDamage Description,IntersectingRoadName,Intersection Geometry,JunctionRelated,JunctionRelated Description,Latitude,Light,Light Description,LOD Date Level,Longitude,MilepointDirection,MilepointDistance,MilepointUnits,NonTrafficFatal,OffRoad,OffroadLocation,OffroadLocation Description,RoadID,RouteType,SchoolBusRelated,SchoolBusRelated Description,SecondHarmEvent,SecondHarmEvent Description,SecondHarmLocation,SecondHarmLocation Description,Surface,Surface Description,TrafficControl,Trafficcontrol Description,Work Zone Crash,WZLawEnforcementPresent,WZLocation,WZLocation Description,WZType,WZType Description,WZWorkersPresent,Type NM Description,PersonID NM,ReportNumber NM,ActionPriorToCrash NM,ActionPriorToCrash NM Description,Age NM,City NM,ContactPoint NM,ContactPoint NM Description,DistractedByAction NM,DistractedByAction NM Description,DistractedBySource,DistractedBySource Description,Gender NM,IncidentResponder NM,IncidentResponder NM Description,InjuryStatus NM,InjuryStatus NM Description,Location NM,Location NM Description,OriginDestination NM,OriginDestination NM Description,State NM,StruckByVehID NM,Type NM,Unknown NM,ZipCode NM,geometry
31308,Prince George's,Property Damage Crashes,DS0283000Y,University of Maryland Police College Park,Single Vehicle,,No,No,No,No,,,,Yes,True,No,6/22/2024,6/22/2024,1,UMCP,101,16,3,,,Point,01:22,2024,Saturday,35,"Other Fixed Object (wall, building, tunnel, etc.)",4,"Off-Roadway, Location Unknown",,,,,,,,,38.998640312,3,Dark - Lighted,2024-06-22,-76.931585449,,,F,N,Yes,106.0,Driveway,,,1,No,,,,,,,,,No,,,,,,,,,,,,,,,,,,,,,,,,,,,,,,,,,,POINT (-76.931585449 38.998640312)
46167,Prince George's,Property Damage Crashes,DA3495005G,Prince George's County Police,Rear To Rear,,No,No,No,No,,,,No,True,No,1/9/2024,1/9/2024,17,PGCOPD,4,16,3,,,Point,17:17,2024,Tuesday,12,Motor Vehicle In Transport,4,"Off-Roadway, Location Unknown",,,,,,,,,38.998719503,98,Other,2024-01-09,-76.927550705,,,F,N,Yes,100.0,Parking Stall,,,1,No,97.0,Not Applicable,,,,,,,No,,,,,,,,,,,,,,,,,,,,,,,,,,,,,,,,,,POINT (-76.927550705 38.998719503)
21893,Prince George's,Property Damage Crashes,DA4193007N,Prince George's County Police,Front to Rear,Principal Arterial – Other,No,No,No,No,UNIVERSITY BLVD (WB/L),193.0,MARYLAND ROUTE,No,True,No,12/1/2024,12/1/2024,12,PGCOPD,3,16,3,No,,Point,12:11,2024,Sunday,12,Motor Vehicle In Transport,5,On Roadway,3.0,,,,,,6.0,Non-Junction,38.998751618,1,Daylight,2024-12-01,-76.924335825,S,11.91,F,N,No,,,A4577B18621A98684A3E380275468A28445465B1354D623C07D850930673E31E,MD,1,No,,,,,1.0,Dry,,,No,,,,,,,,,,,,,,,,,,,,,,,,,,,,,,,,,,POINT (-76.924335825 38.998751618)
7715,Prince George's,Property Damage Crashes,DA4273003S,Prince George's County Police,Single Vehicle,Principal Arterial – Other,No,No,No,No,,1.0,UNITED STATE ROUTE,Yes,True,No,2/11/2024,2/11/2024,4,PGCOPD,101,16,3,No,,Point,04:42,2024,Sunday,13,Other Non-Fixed Object,99,Unknown,3.0,,,,,,99.0,Unknown,38.99875639,5,Dark - Unknown Lighting,2024-02-11,-76.93139971,W,13.67,F,N,No,,,F0BC58190870780F287CC2BA4732C17BDCB50A07F3D1574E8EAA254083085992,US,1,No,97.0,Not Applicable,,,1.0,Dry,,,No,,,,,,,,,,,,,,,,,,,,,,,,,,,,,,,,,,POINT (-76.93139970999999 38.99875639)
55646,Prince George's,Property Damage Crashes,DA418600B6,Prince George's County Police,"Sideswipe, Opposite Direction",,No,No,No,No,,293.0,SPUR,No,True,No,10/20/2024,10/20/2024,1,PGCOPD,6,16,3,No,,Point,01:28,2024,Sunday,12,Motor Vehicle In Transport,5,On Roadway,,,,,,,6.0,Non-Junction,38.998768265,3,Dark - Lighted,2024-10-20,-76.931324386,S,38.0,F,N,No,,,AFC6B36E61924275DEBA51BF5DAC4A2E2065E509C7E3F9E0AF44BFA7CB5D6650,SP,1,No,,,,,1.0,Dry,,,No,,,,,,,,,,,,,,,,,,,,,,,,,,,,,,,,,,POINT (-76.931324386 38.998768265)
74066,Prince George's,Property Damage Crashes,DA2910002R,Prince George's County Police,"Sideswipe, Same Direction",Principal Arterial – Other,Yes,No,No,No,UNIVERSITY BLVD (WB/L),193.0,MARYLAND ROUTE,Yes,True,No,11/27/2024,11/27/2024,20,PGCOPD,7,16,3,No,,Point,20:11,2024,Wednesday,12,Motor Vehicle In Transport,5,On Roadway,3.0,,,,,,9.0,Through Roadway,38.998917281,3,Dark - Lighted,2024-11-27,-76.924711794,S,18.31,F,N,No,,,983EF86F8C3F22ACA9B13A757B79C16E1B51A1C5396E57E5AD1C470F66B9C058,MD,1,No,12.0,Motor Vehicle In Transport,5.0,On Roadway,1.0,Dry,,,No,,,,,,,,,,,,,,,,,,,,,,,,,,,,,,,,,,POINT (-76.924711794 38.998917281)
57942,Prince George's,Property Damage Crashes,DA40500062,Prince George's County Police,Front to Rear,Principal Arterial – Other,No,No,No,No,UNIVERSITY BLVD (WB/L),193.0,MARYLAND ROUTE,No,True,No,8/3/2024,8/3/2024,13,PGCOPD,3,16,3,No,,Point,13:40,2024,Saturday,12,Motor Vehicle In Transport,5,On Roadway,3.0,,,,,,9.0,Through Roadway,38.998927728,1,Daylight,2024-08-03,-76.924708262,W,39.95,F,N,No,,,A433129B42660FACD841735E8AE3B983E542AE2A29F79F8FDE6BF10114540149,MD,1,No,,,,,1.0,Dry,,,No,,,,,,,,,,,,,,,,,,,,,,,,,,,,,,,,,,POINT (-76.924708262 38.998927728)
44375,Prince George's,Property Damage Crashes,DA380500CT,Prince George's County Police,Front to Front,Major Collector,No,No,No,No,RHODE ISLAND AVE (NB/L),171.0,MUNICIPAL ROAD,No,True,No,3/14/2024,3/14/2024,19,PGCOPD,2,16,3,Yes,,Point,19:40,2024,Thursday,12,Motor Vehicle In Transport,5,On Roadway,5.0,,,,,,2.0,Crossover-Related,38.998985901,101,Dusk,2024-03-14,-76.925472546,E,47.91,F,N,No,,,72CF2795B08E567A0CE557B75DAE77F450CF74CE38D708C6A1A2C074AAB52C49,MU,1,No,12.0,Motor Vehicle In Transport,5.0,On Roadway,1.0,Dry,,,No,,,,,,,,,,,,,,,,,,,,,,,,,,,,,,,,,,POINT (-76.92547254599999 38.998985901)
102756,Prince George's,Property Damage Crashes,DA43320026,Prince George's County Police,Front to Rear,Principal Arterial – Other,No,Yes,No,No,UNIVERSITY BLVD (WB/L),193.0,MARYLAND ROUTE,No,True,No,6/13/2024,6/13/2024,7,PGCOPD,3,16,3,No,,Point,07:00,2024,Thursday,12,Motor Vehicle In Transport,5,On Roadway,3.0,,,,,,6.0,Non-Junction,38.999039784,1,Daylight,2024-06-13,-76.924989594,W,6.1,F,N,No,,,06EF8ACF74763B8A12BCB593D14C8E917515F8C40BB8FE29BA00B2A1B235C892,MD,2,"Yes, School Bus Directly Involved",,,,,1.0,Dry,,,No,,,,,,,,,,,,,,,,,,,,,,,,,,,,,,,,,,POINT (-76.924989594 38.999039784)
23980,Prince George's,Property Damage Crashes,DA34470049,Prince George's County Police,Single Vehicle,,No,Yes,No,No,,2231.0,PRIVATE ROAD,No,True,No,10/6/2024,10/6/2024,16,PGCOPD,101,16,3,No,,Point,16:30,2024,Sunday,35,"Other Fixed Object (wall, building, tunnel, etc.)",99,Unknown,,,100.0,Local,,,6.0,Non-Junction,38.999046968,1,Daylight,2024-10-06,-76.926746503,N,36.43,F,N,No,,,0E206E2774D93A62F18EA3936AEBFA6DF5F271D31D0840038F1026E5B1667BA6,PV,1,No,,,,,1.0,Dry,,,No,,,,,,,,,,,,,,,,,,,,,,,,,,,,,,,,,,POINT (-76.926746503 38.999046968)
22154,Prince George's,Property Damage Crashes,DA418600B8,Prince George's County Police,"Sideswipe, Same Direction",Principal Arterial – Other,No,No,No,No,UNIVERSITY BLVD (WB/L),193.0,MARYLAND ROUTE,No,True,No,10/23/2024,10/23/2024,21,PGCOPD,7,16,3,No,,Point,21:52,2024,Wednesday,12,Motor Vehicle In Transport,5,On Roadway,3.0,,,,,,6.0,Non-Junction,38.999063548,3,Dark - Lighted,2024-10-23,-76.924961515,W,16.29,F,N,No,,,06EF8ACF74763B8A12BCB593D14C8E917515F8C40BB8FE29BA00B2A1B235C892,MD,1,No,,,,,1.0,Dry,,,No,,,,,,,,,,,,,,,,,,,,,,,,,,,,,,,,,,POINT (-76.92496151500001 38.999063548)
92540,Prince George's,Property Damage Crashes,DA418100DH,Prince George's County Police,Other,Major Collector,No,No,Yes,No,RHODE ISLAND AVE (NB/L),171.0,MUNICIPAL ROAD,Yes,True,No,7/27/2024,7/27/2024,19,PGCOPD,98,16,3,No,4.0,Point,19:40,2024,Saturday,12,Motor Vehicle In Transport,5,On Roadway,5.0,Perpendicular,,,UNIVERSITY BLVD (WB/L),3.0,5.0,Intersection or Related,38.999115842,1,Daylight,2024-07-27,-76.925308006,N,0.0,F,N,No,,,E8D5C4955D23E76ABD0A22A16DD9702B7AFD90D5F71A15371D3564D01EB38B7E,MU,1,No,12.0,Motor Vehicle In Transport,5.0,On Roadway,1.0,Dry,1.0,Signalized,No,,,,,,,,,,,,,,,,,,,,,,,,,,,,,,,,,,POINT (-76.92530800599999 38.999115842)
93527,Prince George's,Property Damage Crashes,DA394600C9,Prince George's County Police,Front to Rear,Minor Arterial,No,No,No,No,ADELPHI RD,232.0,COUNTY ROAD,No,True,Yes,8/16/2024,8/16/2024,9,PGCOPD,3,16,3,No,,Point,09:10,2024,Friday,12,Motor Vehicle In Transport,5,On Roadway,4.0,,,,,,6.0,Non-Junction,38.999120853,1,Daylight,2024-08-16,-76.962537789,N,12.63,F,N,No,,,E1A150DBCB1719376B6C1CD34D114709820F1D77644D87E8A901E6C96F27244E,CO,1,No,,,,,1.0,Dry,,,Yes,N,2.0,Advance Warning Area,2.0,Lane Shift/Crossover,Yes,,,,,,,,,,,,,,,,,,,,,,,,,,,,POINT (-76.962537789 38.999120853)
68375,Prince George's,Property Damage Crashes,DA4069009W,Prince George's County Police,Angle,Local,No,No,No,No,BRANCHVILLE RD,150.0,MUNICIPAL ROAD,No,True,No,12/27/2024,12/27/2024,18,PGCOPD,1,16,3,Yes,2.0,Point,18:50,2024,Friday,12,Motor Vehicle In Transport,5,On Roadway,7.0,Angled/Skewed,,,NO NAME,1.0,5.0,Intersection or Related,38.999171824,3,Dark - Lighted,2024-12-27,-76.929282341,W,0.0,F,N,No,,,BE8E42FDBD69B51F621E3965B7D4BADE9EFB8ACDADCB8A5AF303587FE12FD3D7,MU,1,No,,,,,1.0,Dry,3.0,Stop - Partial,No,,,,,,,,,,,,,,,,,,,,,,,,,,,,,,,,,,POINT (-76.929282341 38.999171824)
74701,Prince George's,Property Damage Crashes,DA42350075,Prince George's County Police,"Sideswipe, Same Direction",Minor Arterial,No,Yes,No,No,ADELPHI RD,232.0,COUNTY ROAD,Yes,True,No,4/15/2024,4/15/2024,18,PGCOPD,7,16,3,No,,Point,18:00,2024,Monday,12,Motor Vehicle In Transport,5,On Roadway,4.0,,,,,,9.0,Through Roadway,38.99918045,1,Daylight,2024-04-15,-76.962553457,S,14.62,F,N,No,,,E1A150DBCB1719376B6C1CD34D114709820F1D77644D87E8A901E6C96F27244E,CO,1,No,,,,,1.0,Dry,,,No,,,,,,,,,,,,,,,,,,,,,,,,,,,,,,,,,,POINT (-76.962553457 38.99918045)
53472,Prince George's,Property Damage Crashes,DA3496001V,Prince George's County Police,Front to Rear,Principal Arterial – Other,No,No,No,No,UNIVERSITY BLVD (WB/L),193.0,MARYLAND ROUTE,No,True,No,9/28/2024,9/28/2024,19,PGCOPD,3,16,3,No,,Point,19:48,2024,Saturday,12,Motor Vehicle In Transport,5,On Roadway,3.0,,,,,,6.0,Non-Junction,38.999200226,1,Daylight,2024-09-28,-76.925292038,S,42.49,F,N,No,,,A6556F6DBFB9E46D2A89428C03BF261783F81527F69F0B9BE6CAC0E971477646,MD,1,No,,,,,1.0,Dry,,,No,,,,,,,,,,,,,,,,,,,,,,,,,,,,,,,,,,POINT (-76.92529203799999 38.999200226)
103838,Prince George's,Injury Crashes,DA418100D7,Prince George's County Police,Other,Principal Arterial – Other,No,No,No,No,UNIVERSITY BLVD (WB/L),193.0,MARYLAND ROUTE,No,True,No,6/11/2024,6/11/2024,18,PGCOPD,98,16,2,No,4.0,Point,18:03,2024,Tuesday,12,Motor Vehicle In Transport,5,On Roadway,3.0,Perpendicular,,,RHODE ISLAND AVE,3.0,5.0,Intersection or Related,38.999211056,1,Daylight,2024-06-11,-76.925384422,N,0.0,F,N,No,,,8A8778DA4E9333FC81AD5D40FFD74A294B3BFA90C6338F4D6E0B13BA7CCAE000,MD,1,No,12.0,Motor Vehicle In Transport,5.0,On Roadway,1.0,Dry,1.0,Signalized,No,,,,,,,,,,,,,,,,,,,,,,,,,,,,,,,,,,POINT (-76.92538442199999 38.999211056)
80432,Prince George's,Property Damage Crashes,DA4268006M,Prince George's County Police,"Sideswipe, Opposite Direction",Local,No,No,No,No,51ST AVE,9510.0,MUNICIPAL ROAD,No,True,No,11/12/2024,11/12/2024,15,PGCOPD,6,16,3,Yes,,Point,15:51,2024,Tuesday,15,Parked Vehicle,5,On Roadway,7.0,,,,,,9.0,Through Roadway,38.999240041,1,Daylight,2024-11-12,-76.921889114,S,15.36,F,N,No,,,7D6F9C407BD1208660CFD7C50D5C03DE935F52CC026A941A90186CDED72E13C8,MU,1,No,,,,,1.0,Dry,,,No,,,,,,,,,,,,,,,,,,,,,,,,,,,,,,,,,,POINT (-76.921889114 38.999240041)
56666,Prince George's,Property Damage Crashes,DA40690094,Prince George's County Police,"Sideswipe, Opposite Direction",Principal Arterial – Other,No,No,No,No,UNIVERSITY BLVD (WB/L),193.0,MARYLAND ROUTE,No,True,No,7/3/2024,7/3/2024,22,PGCOPD,6,16,3,Yes,2.0,Point,22:42,2024,Wednesday,12,Motor Vehicle In Transport,5,On Roadway,3.0,Angled/Skewed,,,RHODE ISLAND AVE,1.0,5.0,Intersection or Related,38.999268203,3,Dark - Lighted,2024-07-03,-76.925401228,W,0.0,F,N,No,,,8A8778DA4E9333FC81AD5D40FFD74A294B3BFA90C6338F4D6E0B13BA7CCAE000,MD,1,No,,,,,1.0,Dry,1.0,Signalized,No,,,,,,,,,,,,,,,,,,,,,,,,,,,,,,,,,,POINT (-76.925401228 38.999268203)
27727,Prince George's,Property Damage Crashes,DA3126000P,Prince George's County Police,Front to Rear,Principal Arterial – Other,No,Yes,No,No,UNIVERSITY BLVD (WB/L),193.0,MARYLAND ROUTE,No,True,No,2/12/2024,2/12/2024,15,PGCOPD,3,16,3,Yes,,Point,15:30,2024,Monday,12,Motor Vehicle In Transport,5,On Roadway,3.0,,100.0,Local,RHODE ISLAND AVE,,1.0,Acceleration/Deceleration Lane,38.999270322,1,Daylight,2024-02-12,-76.925427393,S,8.35,F,N,No,,,8A8778DA4E9333FC81AD5D40FFD74A294B3BFA90C6338F4D6E0B13BA7CCAE000,MD,2,"Yes, School Bus Directly Involved",12.0,Motor Vehicle In Transport,99.0,Unknown,9.0,Wet,,,No,,,,,,,,,,,,,,,,,,,,,,,,,,,,,,,,,,POINT (-76.92542739300001 38.999270322)
56661,Prince George's,Property Damage Crashes,DA302000DX,Prince George's County Police,Front to Front,Principal Arterial – Other,No,Yes,No,No,BALTIMORE AVE,1.0,UNITED STATE ROUTE,No,True,No,7/26/2024,7/26/2024,16,PGCOPD,2,16,3,No,,Point,16:34,2024,Friday,12,Motor Vehicle In Transport,5,On Roadway,3.0,,,,,,6.0,Non-Junction,38.999443997,1,Daylight,2024-07-26,-76.931369482,S,15.44,F,N,No,,,27840035AAEBCDAC697E96336005C8CFFBA2EEB6A875126E1D387D17FD25CB7F,US,1,No,,,,,1.0,Dry,,,No,,,,,,,,,,,,,,,,,,,,,,,,,,,,,,,,,,POINT (-76.93136948199999 38.999443997)
4237,Prince George's,Property Damage Crashes,DA4293002W,Prince George's County Police,Front to Rear,Principal Arterial – Other,No,No,No,No,UNIVERSITY BLVD (WB/L),193.0,MARYLAND ROUTE,No,True,No,5/8/2024,5/8/2024,16,PGCOPD,3,16,3,No,,Point,16:05,2024,Wednesday,12,Motor Vehicle In Transport,5,On Roadway,3.0,,,,,,6.0,Non-Junction,39.000070865,1,Daylight,2024-05-08,-76.926880556,W,103.41,F,N,No,,,C9495B39FA3002415CA4423B024EE3D2A777F16B56A219FB7C117E472F09E848,MD,1,No,,,,,1.0,Dry,,,No,,,,,,,,,,,,,,,,,,,,,,,,,,,,,,,,,,POINT (-76.926880556 39.000070865)
41556,Prince George's,Injury Crashes,DS02420021,University of Maryland Police College Park,Single Vehicle,,No,No,No,No,,,,Yes,True,No,9/19/2024,9/19/2024,9,UMCP,101,16,2,,,Point,09:49,2024,Thursday,7,Overturn/Rollover,4,"Off-Roadway, Location Unknown",,,101.0,State,,,,,39.000106492,1,Daylight,2024-09-19,-76.957496027,,,F,N,Yes,105.0,Dirt Road/Trail,,,1,No,2.0,Fell Jumped from Motor Vehicle,4.0,"Off-Roadway, Location Unknown",,,,,No,,,,,,,,,,,,,,,,,,,,,,,,,,,,,,,,,,POINT (-76.957496027 39.000106492)
55674,Prince George's,Property Damage Crashes,DA4050005Q,Prince George's County Police,Angle,Principal Arterial – Other,No,No,No,No,,1.0,UNITED STATE ROUTE,No,True,No,3/26/2024,3/26/2024,21,PGCOPD,1,16,3,No,,Point,21:37,2024,Tuesday,12,Motor Vehicle In Transport,5,On Roadway,3.0,,,,,,6.0,Non-Junction,39.000173214,3,Dark - Lighted,2024-03-26,-76.931251494,N,27.65,F,N,No,,,F0FE07B81BF1865FA2F6E6F4788E703D2D9E79D667BD9DC6C881A041F897EFBF,US,1,No,,,,,9.0,Wet,,,No,,,,,,,,,,,,,,,,,,,,,,,,,,,,,,,,,,POINT (-76.93125149399999 39.000173214)
56614,Prince George's,Property Damage Crashes,DA418600B1,Prince George's County Police,"Sideswipe, Opposite Direction",,No,No,No,No,,541.0,PRIVATE ROAD,No,True,No,8/24/2024,8/24/2024,19,PGCOPD,6,16,3,Yes,2.0,Point,19:26,2024,Saturday,12,Motor Vehicle In Transport,5,On Roadway,,Angled/Skewed,,,RHODE ISLAND AVE SERVICE RD,1.0,5.0,Intersection or Related,39.000195922,1,Daylight,2024-08-24,-76.925211746,N,0.0,F,N,No,,,ED0F0DC22FD9417FFDC8039315CAFF8DEC44DA65198CE2B1EE90D91E8374EE0A,PV,1,No,,,,,1.0,Dry,2.0,Stop - All Way,No,,,,,,,,,,,,,,,,,,,,,,,,,,,,,,,,,,POINT (-76.925211746 39.000195922)
72965,Prince George's,Property Damage Crashes,DA43370021,Prince George's County Police,Single Vehicle,Minor Arterial,No,No,No,No,ADELPHI RD,232.0,COUNTY ROAD,No,True,No,5/11/2024,5/11/2024,14,PGCOPD,101,16,3,No,,Point,14:30,2024,Saturday,40,Tree (standing),3,Median,4.0,,,,,,6.0,Non-Junction,39.000394242,1,Daylight,2024-05-11,-76.963517204,W,19.31,F,N,No,,,0A40647D6B7858F521A8FBE16155B9469A9A0D650139589779D9278E5D0FB2E5,CO,1,No,,,,,1.0,Dry,,,No,,,,,,,,,,,,,,,,,,,,,,,,,,,,,,,,,,POINT (-76.963517204 39.000394242)
26115,Prince George's,Property Damage Crashes,DA4069009Q,Prince George's County Police,Angle,,No,Yes,No,No,LOCUST SPRING RD,670.0,LOCAL ROAD,No,True,No,11/21/2024,11/21/2024,15,PGCOPD,1,16,3,Yes,,Point,15:36,2024,Thursday,12,Motor Vehicle In Transport,5,On Roadway,,,,,RHODE ISLAND AVE RHODE ISLAND AVE (NB/L),,9.0,Through Roadway,39.000530879,1,Daylight,2024-11-21,-76.925016941,N,17.14,F,N,No,,,32A781BB6A9C71E20E829A2883D4C5B7815E74B2275EDB4755C0D1FBDB787312,LL,2,"Yes, School Bus Directly Involved",,,,,1.0,Dry,,,No,,,,,,,,,,,,,,,,,,,,,,,,,,,,,,,,,,POINT (-76.925016941 39.000530879)
34199,Prince George's,Property Damage Crashes,DA418800DK,Prince George's County Police,Front to Rear,,No,Yes,No,No,,,,No,True,No,4/15/2024,4/15/2024,14,PGCOPD,3,16,3,,,Point,14:10,2024,Monday,15,Parked Vehicle,2,In Parking Lane Or Zone,,,,,,,,,39.000600934,1,Daylight,2024-04-15,-76.920570873,,,F,N,Yes,100.0,Parking Stall,,,1,No,,,,,,,,,No,,,,,,,,,,,,,,,,,,,,,,,,,,,,,,,,,,POINT (-76.920570873 39.000600934)
18678,Prince George's,Injury Crashes,DA4069009H,Prince George's County Police,Single Vehicle,Local,No,No,No,No,NO NAME,193.0,MARYLAND ROUTE,No,True,No,10/19/2024,10/19/2024,2,PGCOPD,101,16,2,No,,Point,02:05,2024,Saturday,32,Guardrail Face,9,Roadside,7.0,,,,UNIVERSITY BLVD,,9.0,Through Roadway,39.000675593,4,Dark - Not Lighted,2024-10-19,-76.928719172,N,22.09,F,N,No,,,57F320CEDC2AF59FC1E25BD046B398AB1DB5C96BB0B29F9674F737F2ACBA9836,MD,1,No,,,,,1.0,Dry,,,No,,,,,,,,,,,,,,,,,,,,,,,,,,,,,,,,,,POINT (-76.928719172 39.000675593)
30438,Prince George's,Injury Crashes,DA4268006C,Prince George's County Police,Single Vehicle,Principal Arterial – Other,No,No,No,No,UNIVERSITY BLVD,193.0,MARYLAND ROUTE,No,True,No,9/27/2024,9/27/2024,1,PGCOPD,101,16,2,No,,Point,01:50,2024,Friday,32,Guardrail Face,9,Roadside,3.0,,,,NO NAME,,9.0,Through Roadway,39.000678517,3,Dark - Lighted,2024-09-27,-76.928774204,E,35.2,F,N,No,,,148419F5667BC4A09B865FF7E9E8715F0B71BC656814DFDE725C9DC493DDF7B5,MD,1,No,,,,,1.0,Dry,,,No,,,,,,,,,,,,,,,,,,,,,,,,,,,,,,,,,,POINT (-76.92877420400001 39.000678517)
82768,Prince George's,Property Damage Crashes,DA41610069,Prince George's County Police,Front to Rear,Local,No,Yes,No,No,NO NAME,193.0,MARYLAND ROUTE,Yes,True,No,4/25/2024,4/25/2024,18,PGCOPD,3,16,3,No,,Point,18:00,2024,Thursday,12,Motor Vehicle In Transport,5,On Roadway,7.0,,,,UNIVERSITY BLVD,,6.0,Non-Junction,39.000683848,1,Daylight,2024-04-25,-76.928693172,N,14.66,F,N,No,,,57F320CEDC2AF59FC1E25BD046B398AB1DB5C96BB0B29F9674F737F2ACBA9836,MD,2,"Yes, School Bus Directly Involved",,,,,1.0,Dry,,,No,,,,,,,,,,,,,,,,,,,,,,,,,,,,,,,,,,POINT (-76.928693172 39.000683848)
101832,Prince George's,Property Damage Crashes,DA3447003J,Prince George's County Police,Front to Rear,Principal Arterial – Other,No,Yes,No,No,RAMP 6 FR MD 193 EB TO US 1 SB,1.0,RAMP,No,True,No,3/22/2024,3/22/2024,8,PGCOPD,3,16,3,Yes,,Point,08:41,2024,Friday,12,Motor Vehicle In Transport,99,Unknown,3.0,,,,,,4.0,Entrance/Exit Ramp or Related,39.000763966,1,Daylight,2024-03-22,-76.931591386,S,27.97,F,N,No,,,D63D4330D45D257C40E13388EAE20ABE28CF72F08C11188313997274E97D1B1B,RP,2,"Yes, School Bus Directly Involved",,,,,1.0,Dry,,,No,,,,,,,,,,,,,,,,,,,,,,,,,,,,,,,,,,POINT (-76.93159138599999 39.000763966)
79048,Prince George's,Property Damage Crashes,DA4069008W,Prince George's County Police,"Sideswipe, Opposite Direction",Local,No,No,No,No,BOTELER LA,205.0,STATE ROAD,No,True,No,5/1/2024,5/1/2024,23,PGCOPD,6,16,3,Yes,2.0,Point,23:15,2024,Wednesday,12,Motor Vehicle In Transport,5,On Roadway,7.0,Perpendicular,,,UNIVERSITY BLVD (WB/L),3.0,5.0,Intersection or Related,39.000857592,4,Dark - Not Lighted,2024-05-01,-76.941296085,N,0.0,F,N,No,,,E8F947ABCC88590DFE861545C3E38B3C2DF19EE29A50D69332D8C152D9F1CD87,SR,1,No,,,,,1.0,Dry,4.0,Yield,No,,,,,,,,,,,,,,,,,,,,,,,,,,,,,,,,,,POINT (-76.941296085 39.000857592)
85953,Prince George's,Property Damage Crashes,DS04620015,University of Maryland Police College Park,"Sideswipe, Same Direction",Local,No,No,No,No,BOTELER LA,205.0,STATE ROAD,No,True,No,10/19/2024,10/19/2024,16,UMCP,7,16,3,No,3.0,Point,16:30,2024,Saturday,12,Motor Vehicle In Transport,5,On Roadway,7.0,Perpendicular,,,UNIVERSITY BLVD (WB/L),3.0,5.0,Intersection or Related,39.0008868,1,Daylight,2024-10-19,-76.94128825,N,0.0,F,N,No,,,E8F947ABCC88590DFE861545C3E38B3C2DF19EE29A50D69332D8C152D9F1CD87,SR,1,No,,,,,1.0,Dry,4.0,Yield,No,,,,,,,,,,,,,,,,,,,,,,,,,,,,,,,,,,POINT (-76.94128825 39.0008868)
46450,Prince George's,Property Damage Crashes,DA418100CZ,Prince George's County Police,Other,Local,No,No,No,No,BOTELER LA,205.0,STATE ROAD,No,True,No,5/4/2024,5/4/2024,13,PGCOPD,98,16,3,No,,Point,13:05,2024,Saturday,12,Motor Vehicle In Transport,5,On Roadway,7.0,,,,UNIVERSITY BLVD (WB/L),,9.0,Through Roadway,39.000977327,1,Daylight,2024-05-04,-76.941278208,S,16.62,F,N,No,,,E8F947ABCC88590DFE861545C3E38B3C2DF19EE29A50D69332D8C152D9F1CD87,SR,1,No,12.0,Motor Vehicle In Transport,5.0,On Roadway,9.0,Wet,,,No,,,,,,,,,,,,,,,,,,,,,,,,,,,,,,,,,,POINT (-76.941278208 39.000977327)
33790,Prince George's,Property Damage Crashes,DA43810006,Prince George's County Police,Other,Principal Arterial – Other,No,No,No,No,UNIVERSITY BLVD (WB/L),193.0,MARYLAND ROUTE,Yes,True,No,3/7/2024,3/7/2024,8,PGCOPD,98,16,3,Yes,2.0,Point,08:40,2024,Thursday,12,Motor Vehicle In Transport,5,On Roadway,3.0,Perpendicular,,,BOTELER LA,3.0,5.0,Intersection or Related,39.000977549,1,Daylight,2024-03-07,-76.941266647,S,0.0,F,N,No,,,A563A214EAB62997329C2E0CF6719E00062B2F989EBBC2D589C7386835461C17,MD,1,No,,,,,1.0,Dry,5.0,No Controls,No,,,,,,,,,,,,,,,,,,,,,,,,,,,,,,,,,,POINT (-76.94126664700001 39.000977549)