,Crash County Description,Crash Severity Description,Reportnumber,Agencyname,CollisionImpact Description,FunctionalClass Description,ImpairedCrash,Large Vehicle Involved,Motorcycle Crash,Non-Motorist Crash,RoadName,Route Number,RouteType Description,Unrestrained Occupants,WithinDateRange,Work Zone Related,Crashdate,LOD Crash Date,Crashhour,AgencyCode,CollisionImpact,Crash County,Crash Severity,Crash Within Interchange,CrashInterchangeApproaches,CrashPoint,Crashtime,CrashYear,Dayofweek,FirstHarmEvent,FirstHarmEvent Description,FirstHarmLocation,FirstHarmLocation Description,FunctionalClass,Geometry Description,GovPropertyDamage,GovPropertyDamage Description,IntersectingRoadName,Intersection Geometry,JunctionRelated,JunctionRelated Description,Latitude,Light,Light Description,LOD Date Level,Longitude,MilepointDirection,MilepointDistance,MilepointUnits,NonTrafficFatal,OffRoad,OffroadLocation,OffroadLocation Description,RoadID,RouteType,SchoolBusRelated,SchoolBusRelated Description,SecondHarmEvent,SecondHarmEvent Description,SecondHarmLocation,SecondHarmLocation Description,Surface,Surface Description,TrafficControl,Trafficcontrol Description,Work Zone Crash,WZLawEnforcementPresent,WZLocation,WZLocation Description,WZType,WZType Description,WZWorkersPresent,Type NM Description,PersonID NM,ReportNumber NM,ActionPriorToCrash NM,ActionPriorToCrash NM Description,Age NM,City NM,ContactPoint NM,ContactPoint NM Description,DistractedByAction NM,DistractedByAction NM Description,DistractedBySource,DistractedBySource Description,Gender NM,IncidentResponder NM,IncidentResponder NM Description,InjuryStatus NM,InjuryStatus NM Description,Location NM,Location NM Description,OriginDestination NM,OriginDestination NM Description,State NM,StruckByVehID NM,Type NM,Unknown NM,ZipCode NM,geometry
47075,Prince George's,Injury Crashes,DS05110001,University of Maryland Police College Park,Single Vehicle,Principal Arterial – Other,No,No,No,No,UNIVERSITY BLVD (WB/L),193.0,MARYLAND ROUTE,No,True,No,2/10/2024,2/10/2024,2,UMCP,101,16,2,No,,Point,02:59,2024,Saturday,32,Guardrail Face,9,Roadside,3.0,,101.0,State,,,3.0,Driveway Access or Related,39.000986924,3,Dark - Lighted,2024-02-10,-76.941190187,E,24.43,F,N,No,,,FA49150AB670C1FDC8DAEAB854014C989A40D035729B195FB64BC8DBF03DE1CB,MD,1,No,28.0,Ditch,9.0,Roadside,1.0,Dry,,,No,,,,,,,,,,,,,,,,,,,,,,,,,,,,,,,,,,POINT (-76.941190187 39.000986924)
26601,Prince George's,Injury Crashes,DA40690092,Prince George's County Police,Front to Rear,Principal Arterial – Other,No,No,Yes,No,,1.0,UNITED STATE ROUTE,No,True,No,6/10/2024,6/10/2024,13,PGCOPD,3,16,2,No,,Point,13:21,2024,Monday,12,Motor Vehicle In Transport,5,On Roadway,3.0,,,,,,9.0,Through Roadway,39.000990648,1,Daylight,2024-06-10,-76.931171212,N,18.61,F,N,No,,,4D22543340B98385CA9E88A2C10A57A612190272D90582CE86D6E2ACB6DE7365,US,1,No,,,,,1.0,Dry,,,No,,,,,,,,,,,,,,,,,,,,,,,,,,,,,,,,,,POINT (-76.931171212 39.000990648)
89678,Prince George's,Property Damage Crashes,DA4069008J,Prince George's County Police,Front to Rear,Principal Arterial – Other,No,No,No,No,UNIVERSITY BLVD,193.0,MARYLAND ROUTE,No,True,No,1/25/2024,1/25/2024,17,PGCOPD,3,16,3,No,,Point,17:51,2024,Thursday,12,Motor Vehicle In Transport,5,On Roadway,3.0,,,,,,9.0,Through Roadway,39.001294496,4,Dark - Not Lighted,2024-01-25,-76.933925083,W,40.69,F,N,No,,,76E153DCC2A542FA2E7BBD01505B2BD161E06DA7ED41FE676D9B56E246920253,MD,1,No,,,,,9.0,Wet,,,No,,,,,,,,,,,,,,,,,,,,,,,,,,,,,,,,,,POINT (-76.93392508300001 39.001294496)
51391,Prince George's,Injury Crashes,DA43330026,Prince George's County Police,Front to Rear,Principal Arterial – Other,Yes,No,No,No,UNIVERSITY BLVD,193.0,MARYLAND ROUTE,No,True,No,4/22/2024,4/22/2024,17,PGCOPD,3,16,2,No,,Point,17:20,2024,Monday,12,Motor Vehicle In Transport,5,On Roadway,3.0,,,,,,6.0,Non-Junction,39.0013034,1,Daylight,2024-04-22,-76.933642627,W,17.15,F,N,No,,,0727D14AD7F51533058508D2874A5FD9501FAE853B30342DC1952392B04591E9,MD,1,No,,,,,1.0,Dry,,,No,,,,,,,,,,,,,,,,,,,,,,,,,,,,,,,,,,POINT (-76.933642627 39.0013034)
29181,Prince George's,Property Damage Crashes,DA43810024,Prince George's County Police,Front to Rear,Major Collector,No,No,No,No,METZEROTT RD,230.0,COUNTY ROAD,Yes,True,No,11/4/2024,11/4/2024,19,PGCOPD,3,16,3,No,,Point,19:00,2024,Monday,12,Motor Vehicle In Transport,5,On Roadway,5.0,,,,,,6.0,Non-Junction,39.0013305,3,Dark - Lighted,2024-11-04,-76.9475032,N,30.01,F,N,No,,,30A43D10C58EB66F5FD99D88AB02729A775E85D32F94E704A2FC812037A57B6C,CO,1,No,,,,,1.0,Dry,,,No,,,,,,,,,,,,,,,,,,,,,,,,,,,,,,,,,,POINT (-76.9475032 39.0013305)
94410,Prince George's,Property Damage Crashes,DA4069009G,Prince George's County Police,Front to Rear,Principal Arterial – Other,No,No,No,No,UNIVERSITY BLVD,193.0,MARYLAND ROUTE,No,True,No,9/25/2024,9/25/2024,6,PGCOPD,3,16,3,No,,Point,06:43,2024,Wednesday,12,Motor Vehicle In Transport,5,On Roadway,3.0,,,,,,9.0,Through Roadway,39.00137852,4,Dark - Not Lighted,2024-09-25,-76.933086033,S,22.07,F,N,No,,,2091284D75A272952F3A049E366FD746857F21600DAD5D43DAA10D8E171C215D,MD,1,No,,,,,9.0,Wet,,,No,,,,,,,,,,,,,,,,,,,,,,,,,,,,,,,,,,POINT (-76.933086033 39.00137852)
1448,Prince George's,Property Damage Crashes,DA34470036,Prince George's County Police,Front to Rear,Principal Arterial – Other,No,No,No,No,UNIVERSITY BLVD (WB/L),193.0,MARYLAND ROUTE,No,True,No,2/11/2024,2/11/2024,21,PGCOPD,3,16,3,No,,Point,21:58,2024,Sunday,12,Motor Vehicle In Transport,5,On Roadway,3.0,,,,,,9.0,Through Roadway,39.0013944,4,Dark - Not Lighted,2024-02-11,-76.9318652,N,62.19,F,N,No,,,CE05C152F316F9D0E38DF7B8611B83E4D9AFEE57497E00A2C2CAD753F2887966,MD,1,No,,,,,9.0,Wet,,,No,,,,,,,,,,,,,,,,,,,,,,,,,,,,,,,,,,POINT (-76.9318652 39.0013944)
32806,Prince George's,Property Damage Crashes,DA4273003T,Prince George's County Police,Single Vehicle,Principal Arterial – Other,No,No,No,No,UNIVERSITY BLVD (WB/L),193.0,MARYLAND ROUTE,No,True,No,2/25/2024,2/25/2024,4,PGCOPD,101,16,3,No,,Point,04:30,2024,Sunday,25,Concrete Traffic Barrier,3,Median,3.0,,,,,,6.0,Non-Junction,39.001441181,4,Dark - Not Lighted,2024-02-25,-76.933352358,W,7.29,F,N,No,,,C0F19D6091DCE12C05C5FCE8A1399113916E42FBD1C91CE97D2668AC7D5858ED,MD,1,No,25.0,Concrete Traffic Barrier,9.0,Roadside,1.0,Dry,,,No,,,,,,,,,,,,,,,,,,,,,,,,,,,,,,,,,,POINT (-76.93335235799999 39.001441181)
46542,Prince George's,Injury Crashes,DA4193006Y,Prince George's County Police,Front to Rear,Principal Arterial – Other,No,No,No,No,,1.0,UNITED STATE ROUTE,No,True,No,2/3/2024,2/3/2024,22,PGCOPD,3,16,2,No,,Point,22:08,2024,Saturday,12,Motor Vehicle In Transport,5,On Roadway,3.0,,,,UNIVERSITY BLVD (WB/L),,6.0,Non-Junction,39.001485123,3,Dark - Lighted,2024-02-03,-76.931036812,N,20.52,F,N,No,,,813265612F2FFE6E7F4865FAE947848721AF4CE13501F7643064D33B8613D16E,US,1,No,97.0,Not Applicable,,,1.0,Dry,,,No,,,,,,,,,,,,,,,,,,,,,,,,,,,,,,,,,,POINT (-76.931036812 39.001485123)
43176,Prince George's,Injury Crashes,DA3496001N,Prince George's County Police,Single Vehicle,Local,No,No,No,Yes,BLACKFOOT PL #1,121.0,MUNICIPAL ROAD,No,True,No,7/11/2024,7/11/2024,12,PGCOPD,101,16,2,No,3.0,Point,12:43,2024,Thursday,16,Pedalcycle,5,On Roadway,7.0,Angled/Skewed,,,RHODE ISLAND AVE RHODE ISLAND AVE (NB/L),1.0,5.0,Intersection or Related,39.001541592,1,Daylight,2024-07-11,-76.924669094,N,0.0,F,N,No,,,A10AB899F84DC1D679E587D8796E2BDFAE10E8E83121AD81C5EAAE114D4DBD63,MU,1,No,12.0,Motor Vehicle In Transport,5.0,On Roadway,1.0,Dry,2.0,Stop - All Way,No,,,,,,,Cyclist (non-electric),b02e86e2-6541-49f5-ad3f-f478f50b1491,DA3496001N,101.0,Cross/Enter Not at Intersection,58.0,WEEMS,9.0,Left,3.0,"Other Action (looking away from task, etc.)",99.0,Unknown,M,1.0,No,4.0,Possible Injury,10.0,On-Street Bike Lanes,97.0,Not Applicable,VA,c4d4031a-6b44-4080-8b1c-56ca24e4d88a,101.0,N,22576,POINT (-76.924669094 39.001541592)
14086,Prince George's,Property Damage Crashes,DA4050006B,Prince George's County Police,"Sideswipe, Same Direction",Principal Arterial – Other,No,No,No,No,RAMP 8 FR US 1 SB TO MD 193 WB,1.0,RAMP,No,True,No,9/28/2024,9/28/2024,6,PGCOPD,7,16,3,No,,Point,06:30,2024,Saturday,12,Motor Vehicle In Transport,5,On Roadway,3.0,,,,,,4.0,Entrance/Exit Ramp or Related,39.001570835,4,Dark - Not Lighted,2024-09-28,-76.932414242,S,12.01,F,N,No,,,C10410CAEC3DC7EBBCABEB7895B5E0E06DB8A0928B66905A077552B48C35A283,RP,1,No,,,,,9.0,Wet,,,No,,,,,,,,,,,,,,,,,,,,,,,,,,,,,,,,,,POINT (-76.93241424199999 39.001570835)
57545,Prince George's,Property Damage Crashes,DA302000F8,Prince George's County Police,Other,Principal Arterial – Other,No,No,No,No,,1.0,UNITED STATE ROUTE,No,True,No,11/3/2024,11/3/2024,1,PGCOPD,98,16,3,No,,Point,01:02,2024,Sunday,12,Motor Vehicle In Transport,5,On Roadway,3.0,,,,,,6.0,Non-Junction,39.001578543,4,Dark - Not Lighted,2024-11-03,-76.931081528,N,24.14,F,N,No,,,AF2203D5CC337FFC0666C25CE23839F7CFD7127D80FE55A1768616C7D36B0F66,US,1,No,35.0,"Other Fixed Object (wall, building, tunnel, etc.)",7.0,"On Shoulder, Right Side",1.0,Dry,,,No,,,,,,,,,,,,,,,,,,,,,,,,,,,,,,,,,,POINT (-76.93108152800001 39.001578543)
80497,Prince George's,Injury Crashes,DA43320024,Prince George's County Police,Front to Rear,Local,No,No,No,No,RHODE ISLAND AVE SERVICE RD,780.0,MUNICIPAL ROAD,No,True,No,5/24/2024,5/24/2024,9,PGCOPD,3,16,2,No,,Point,09:00,2024,Friday,12,Motor Vehicle In Transport,5,On Roadway,7.0,,,,,,6.0,Non-Junction,39.001614611,1,Daylight,2024-05-24,-76.924752889,W,34.08,F,N,No,,,3E15C34C8839C853DE2F3FF1CCB4C9A3046ED448CC0875B78BEC15DAC1766315,MU,1,No,,,,,1.0,Dry,,,No,,,,,,,,,,,,,,,,,,,,,,,,,,,,,,,,,,POINT (-76.924752889 39.001614611)
35371,Prince George's,Property Damage Crashes,DA392000BF,Prince George's County Police,Front to Rear,Principal Arterial – Other,No,No,No,No,UNIVERSITY BLVD (WB/L),193.0,MARYLAND ROUTE,No,True,No,9/4/2024,9/4/2024,16,PGCOPD,3,16,3,Yes,,Point,16:00,2024,Wednesday,12,Motor Vehicle In Transport,5,On Roadway,3.0,,,,,,1.0,Acceleration/Deceleration Lane,39.001623052,1,Daylight,2024-09-04,-76.931173971,S,42.38,F,N,No,,,793B0E2A4EBEA9A9A783C8C976227A4DEF515C20D7C16BCC5F6B03F13EAE13EC,MD,1,No,,,,,1.0,Dry,,,No,,,,,,,,,,,,,,,,,,,,,,,,,,,,,,,,,,POINT (-76.93117397100001 39.001623052)
14132,Prince George's,Property Damage Crashes,DA418600B5,Prince George's County Police,"Sideswipe, Same Direction",Minor Arterial,No,No,No,No,ADELPHI RD,232.0,COUNTY ROAD,No,True,Yes,10/4/2024,10/4/2024,8,PGCOPD,7,16,3,No,,Point,08:30,2024,Friday,12,Motor Vehicle In Transport,5,On Roadway,4.0,,,,,,6.0,Non-Junction,39.001630038,1,Daylight,2024-10-04,-76.964654393,N,37.6,F,N,No,,,1DBC9D54F4B69D7350C454096DAB61824195E89ED11C76A7DAEC0A950AA0C588,CO,1,No,,,,,9.0,Wet,,,Yes,N,4.0,Activity Area,1.0,Lane Closure,Yes,,,,,,,,,,,,,,,,,,,,,,,,,,,,POINT (-76.964654393 39.001630038)
59287,Prince George's,Injury Crashes,DA4186009S,Prince George's County Police,Single Vehicle,Principal Arterial – Other,No,No,No,No,UNIVERSITY BLVD (WB/L),193.0,MARYLAND ROUTE,No,True,No,6/29/2024,6/29/2024,18,PGCOPD,101,16,2,Unknown,,Point,18:44,2024,Saturday,6,Other Non-Collision,7,"On Shoulder, Right Side",3.0,,,,,,99.0,Unknown,39.001632603,1,Daylight,2024-06-29,-76.930826078,S,48.78,F,N,No,,,DEE7B6B0849D7365E854C43C21AEEC3B9320B9BE20059311E951565956A60FB3,MD,1,No,97.0,Not Applicable,,,1.0,Dry,,,No,,,,,,,,,,,,,,,,,,,,,,,,,,,,,,,,,,POINT (-76.930826078 39.001632603)
26272,Prince George's,Property Damage Crashes,DA4340002M,Prince George's County Police,Front to Rear,Principal Arterial – Other,No,No,No,No,RAMP 1 FR US 1 NB TO MD 193 WB,1.0,RAMP,No,True,No,5/4/2024,5/4/2024,21,PGCOPD,3,16,3,No,,Point,21:00,2024,Saturday,12,Motor Vehicle In Transport,99,Unknown,3.0,,,,,,99.0,Unknown,39.001635862,101,Dusk,2024-05-04,-76.930472851,E,47.82,F,N,No,,,1CA877505C5965F0DCFD558988E396512276F4FABDF0639397571914E2940E05,RP,1,No,,,,,9.0,Wet,,,No,,,,,,,,,,,,,,,,,,,,,,,,,,,,,,,,,,POINT (-76.930472851 39.001635862)
21516,Prince George's,Property Damage Crashes,DA4161006H,Prince George's County Police,Front to Rear,Minor Arterial,No,No,No,No,ADELPHI RD (NB/L),232.0,COUNTY ROAD,No,True,No,5/13/2024,5/13/2024,18,PGCOPD,3,16,3,No,,Point,18:00,2024,Monday,12,Motor Vehicle In Transport,5,On Roadway,4.0,,,,,,6.0,Non-Junction,39.001843283,1,Daylight,2024-05-13,-76.964545578,W,31.34,F,N,No,,,8991616C2985588F741D9B60372C4F26C6C2658C1AF4A2093E1BB29F24A7FB73,CO,1,No,,,,,1.0,Dry,,,No,,,,,,,,,,,,,,,,,,,,,,,,,,,,,,,,,,POINT (-76.964545578 39.001843283)
49237,Prince George's,Property Damage Crashes,DA4268006G,Prince George's County Police,Other,Local,No,No,No,No,49TH AVE #3,9493.0,MUNICIPAL ROAD,No,True,No,10/23/2024,10/23/2024,10,PGCOPD,98,16,3,No,,Point,10:34,2024,Wednesday,15,Parked Vehicle,5,On Roadway,7.0,,,,,,9.0,Through Roadway,39.001876545,99,Unknown,2024-10-23,-76.926948445,S,41.08,F,N,No,,,6E87D9978E6C981DEA30E988B8081BD23825D57DDD74463EEB5CA1320737AE6A,MU,1,No,,,,,1.0,Dry,,,No,,,,,,,,,,,,,,,,,,,,,,,,,,,,,,,,,,POINT (-76.92694844499999 39.001876545)
2563,Prince George's,Property Damage Crashes,DA4050005S,Prince George's County Police,Front to Rear,Major Collector,No,No,No,No,METZEROTT RD,230.0,COUNTY ROAD,No,True,No,5/3/2024,5/3/2024,1,PGCOPD,3,16,3,No,,Point,01:07,2024,Friday,12,Motor Vehicle In Transport,5,On Roadway,5.0,,,,,,9.0,Through Roadway,39.0021602,3,Dark - Lighted,2024-05-03,-76.951559169,W,29.9,F,N,No,,,25D5C8A39985FE3BCE66B5FB69F03F0673FA36FA4008E994688066AE0B1F9C1A,CO,1,No,,,,,1.0,Dry,,,No,,,,,,,,,,,,,,,,,,,,,,,,,,,,,,,,,,POINT (-76.95155916900001 39.0021602)
88684,Prince George's,Property Damage Crashes,DA405100D8,Prince George's County Police,"Sideswipe, Same Direction",Major Collector,No,No,No,No,METZEROTT RD,230.0,COUNTY ROAD,No,True,No,12/25/2024,12/25/2024,17,PGCOPD,7,16,3,No,,Point,17:47,2024,Wednesday,15,Parked Vehicle,5,On Roadway,5.0,,,,,,6.0,Non-Junction,39.002263191,99,Unknown,2024-12-25,-76.951974743,S,34.61,F,N,No,,,1DCA9633206171E5DBF871889539D96C3B5409A465151D807954EED2728FF70F,CO,1,No,,,,,99.0,Unknown,,,No,,,,,,,,,,,,,,,,,,,,,,,,,,,,,,,,,,POINT (-76.95197474299999 39.002263191)
69844,Prince George's,Property Damage Crashes,DS05230001,University of Maryland Police College Park,Front to Rear,Major Collector,Yes,No,No,No,METZEROTT RD,230.0,COUNTY ROAD,No,True,No,9/22/2024,9/22/2024,18,UMCP,3,16,3,No,,Point,18:48,2024,Sunday,12,Motor Vehicle In Transport,5,On Roadway,5.0,,,,,,6.0,Non-Junction,39.002459643,3,Dark - Lighted,2024-09-22,-76.964421139,S,15.8,F,N,No,,,3A47D7F36788AD994BE3AE684875B0D6530FB7FD63B343FFC28D3A0877522F63,CO,1,No,12.0,Motor Vehicle In Transport,5.0,On Roadway,1.0,Dry,,,No,,,,,,,,,,,,,,,,,,,,,,,,,,,,,,,,,,POINT (-76.964421139 39.002459643)
43041,Prince George's,Property Damage Crashes,DA34250089,Prince George's County Police,Single Vehicle,Principal Arterial – Other,No,No,No,No,RAMP 1 FR US 1 NB TO MD 193 WB,1.0,RAMP,No,True,No,3/18/2024,3/18/2024,3,PGCOPD,101,16,3,Yes,,Point,03:47,2024,Monday,27,Curb,3,Median,3.0,,,,,,4.0,Entrance/Exit Ramp or Related,39.002494204,4,Dark - Not Lighted,2024-03-18,-76.930132943,E,39.45,F,N,No,,,A3A5F07825E42019BA59B6E9B590A573DFC348E3F3489046190E0EE9BE9CFCBD,RP,1,No,40.0,Tree (standing),3.0,Median,1.0,Dry,,,No,,,,,,,,,,,,,,,,,,,,,,,,,,,,,,,,,,POINT (-76.930132943 39.002494204)
46654,Prince George's,Injury Crashes,DA3965008M,Prince George's County Police,Front to Rear,Principal Arterial – Other,No,No,No,No,RAMP 2 FR MD 193 WB TO US 1 NB,1.0,RAMP,No,True,No,12/16/2024,12/16/2024,19,PGCOPD,3,16,2,No,,Point,19:08,2024,Monday,12,Motor Vehicle In Transport,5,On Roadway,3.0,,,,,,4.0,Entrance/Exit Ramp or Related,39.002515305,5,Dark - Unknown Lighting,2024-12-16,-76.929677418,S,23.44,F,N,No,,,BE9A4EAE33BB3F6968B33A80EE8BDF06C18D62DF57573975DAC3130B87E3FD7B,RP,1,No,14.0,Other Non-Motorist,5.0,On Roadway,9.0,Wet,,,No,,,,,,,,,,,,,,,,,,,,,,,,,,,,,,,,,,POINT (-76.929677418 39.002515305)
27526,Prince George's,Injury Crashes,DA418100CN,Prince George's County Police,Single Vehicle,Principal Arterial – Other,No,No,No,No,RAMP 2 FR MD 193 WB TO US 1 NB,1.0,RAMP,No,True,No,3/18/2024,3/18/2024,2,PGCOPD,101,16,2,No,,Point,02:17,2024,Monday,27,Curb,9,Roadside,3.0,,,,,,4.0,Entrance/Exit Ramp or Related,39.002571067,4,Dark - Not Lighted,2024-03-18,-76.929807557,S,5.15,F,N,No,,,E17A47C75EDB03FED5C93BBE422B184978CA7016CC6ADB1CCBE14B8A8193E07A,RP,1,No,,,,,1.0,Dry,,,No,,,,,,,,,,,,,,,,,,,,,,,,,,,,,,,,,,POINT (-76.929807557 39.002571067)
14518,Prince George's,Property Damage Crashes,DA4263005F,Prince George's County Police,Unknown,Local,No,No,No,Yes,RHODE ISLAND AVE SERVICE RD,780.0,MUNICIPAL ROAD,No,True,No,11/15/2024,11/15/2024,8,PGCOPD,99,16,3,No,,Point,08:30,2024,Friday,14,Other Non-Motorist,5,On Roadway,7.0,,,,,,9.0,Through Roadway,39.002638814,1,Daylight,2024-11-15,-76.924561023,N,34.73,F,N,No,,,C6034F5E1A1AEBEC115BF18C3A3F549406C52D1C41B8D8A544911160BEB60E37,MU,1,No,12.0,Motor Vehicle In Transport,5.0,On Roadway,1.0,Dry,,,No,,,,,,,Unknown Type Of Non-Motorist,4f1beae6-5a5c-45ea-9b69-6b4cff007112,DA4263005F,100.0,Cross/Enter at Intersection,54.0,COLLEGE PARK,3.0,Right,0.0,Not Distracted,,,M,1.0,No,5.0,No Apparent Injury,1.0,Intersection – Marked Crosswalk,99.0,Unknown,MD,4cea19f2-abca-4cec-a34e-f02d990785cc,9.0,N,20740,POINT (-76.924561023 39.002638814)
102592,Prince George's,Property Damage Crashes,DA4268005S,Prince George's County Police,Front to Front,Local,No,No,No,No,49TH AVE #3,9493.0,MUNICIPAL ROAD,No,True,No,6/24/2024,6/24/2024,8,PGCOPD,2,16,3,No,2.0,Point,08:50,2024,Monday,12,Motor Vehicle In Transport,5,On Roadway,7.0,Perpendicular,,,CHEROKEE ST #1,3.0,5.0,Intersection or Related,39.002749878,1,Daylight,2024-06-24,-76.92638708,W,0.0,F,N,No,,,100FAD3BDA57761B6891F407CCCBA26A188EB40ED05FC79A084F2C13BDABF5EA,MU,1,No,12.0,Motor Vehicle In Transport,5.0,On Roadway,1.0,Dry,5.0,No Controls,No,,,,,,,,,,,,,,,,,,,,,,,,,,,,,,,,,,POINT (-76.92638708 39.002749878)
85464,Prince George's,Property Damage Crashes,DA4193007K,Prince George's County Police,"Sideswipe, Same Direction",Local,No,Yes,No,No,CHEROKEE ST #1,191.0,MUNICIPAL ROAD,Yes,True,No,10/24/2024,10/24/2024,8,PGCOPD,7,16,3,No,,Point,08:30,2024,Thursday,12,Motor Vehicle In Transport,5,On Roadway,7.0,,,,,,6.0,Non-Junction,39.002791403,1,Daylight,2024-10-24,-76.926532162,W,32.98,F,N,No,,,E16E399E2019F19AC5AEB4939971172CC245E2762F294F674B3AC43356DA3B59,MU,2,"Yes, School Bus Directly Involved",,,,,1.0,Dry,,,No,,,,,,,,,,,,,,,,,,,,,,,,,,,,,,,,,,POINT (-76.926532162 39.002791403)
86964,Prince George's,Injury Crashes,DS04500012,University of Maryland Police College Park,Single Vehicle,Major Collector,No,No,No,No,METZEROTT RD,230.0,COUNTY ROAD,No,True,No,12/29/2024,12/29/2024,11,UMCP,101,16,2,No,,Point,11:35,2024,Sunday,41,Utility Pole/Light Support,9,Roadside,5.0,,,,,,6.0,Non-Junction,39.002843649,1,Daylight,2024-12-29,-76.955489547,W,55.11,F,N,No,,,68DC7E509C0252DB30379921660BC597D8049720091B2DEDCA245AEF83C1A356,CO,1,No,,,,,9.0,Wet,,,No,,,,,,,,,,,,,,,,,,,,,,,,,,,,,,,,,,POINT (-76.955489547 39.002843649)
23046,Prince George's,Property Damage Crashes,DA44130003,Prince George's County Police,Single Vehicle,Local,No,No,No,No,CHEYENNE PL,210.0,MUNICIPAL ROAD,No,True,No,12/24/2024,12/24/2024,22,PGCOPD,101,16,3,No,,Point,22:25,2024,Tuesday,36,"Other Post, Pole, Or Support",9,Roadside,7.0,,100.0,Local,50TH PL #1,,6.0,Non-Junction,39.002854869,4,Dark - Not Lighted,2024-12-24,-76.923089094,N,49.8,F,N,No,,,5CB3394BC775BD05F21387916F76CD7E70EC457D0A2B1F319F9DE3FEBB100389,MU,1,No,,,,,1.0,Dry,,,No,,,,,,,,,,,,,,,,,,,,,,,,,,,,,,,,,,POINT (-76.92308909400001 39.002854869)
81003,Prince George's,Property Damage Crashes,DA4268004Z,Prince George's County Police,Front to Rear,Principal Arterial – Other,No,No,No,No,RAMP 2 FR MD 193 WB TO US 1 NB,1.0,RAMP,Yes,True,No,1/25/2024,1/25/2024,13,PGCOPD,3,16,3,Yes,,Point,13:46,2024,Thursday,12,Motor Vehicle In Transport,5,On Roadway,3.0,,,,,,4.0,Entrance/Exit Ramp or Related,39.002889957,1,Daylight,2024-01-25,-76.930599941,W,13.0,F,N,No,,,FAB23506EDAEFF4A1FA758BEA952F4C5C36CE78A5A319AAACA61AE56C960DE89,RP,1,No,,,,,9.0,Wet,,,No,,,,,,,,,,,,,,,,,,,,,,,,,,,,,,,,,,POINT (-76.930599941 39.002889957)
35880,Prince George's,Property Damage Crashes,DA4060005W,Prince George's County Police,Front to Rear,Principal Arterial – Other,No,No,No,No,BALTIMORE AVE,1.0,UNITED STATE ROUTE,No,True,No,5/30/2024,5/30/2024,16,PGCOPD,3,16,3,No,,Point,16:57,2024,Thursday,12,Motor Vehicle In Transport,5,On Roadway,3.0,,,,,,6.0,Non-Junction,39.002919357,1,Daylight,2024-05-30,-76.930918731,S,60.52,F,N,No,,,1658CE2F0425861A2246AAA6BB83BBE8BCC550B1EC7F663BEB56D93AC0B857CB,US,1,No,,,,,1.0,Dry,,,No,,,,,,,,,,,,,,,,,,,,,,,,,,,,,,,,,,POINT (-76.93091873100001 39.002919357)
65093,Prince George's,Property Damage Crashes,DA405100CR,Prince George's County Police,Angle,Principal Arterial – Other,No,No,No,No,BALTIMORE AVE,1.0,UNITED STATE ROUTE,No,True,No,6/9/2024,6/9/2024,12,PGCOPD,1,16,3,No,,Point,12:47,2024,Sunday,12,Motor Vehicle In Transport,5,On Roadway,3.0,,,,,,4.0,Entrance/Exit Ramp or Related,39.002944005,1,Daylight,2024-06-09,-76.930577046,N,63.85,F,N,No,,,A36EC56A5C032FF31C2667BD5391776AFC1418D43CBD75583EF16FE37432E8D2,US,1,No,,,,,1.0,Dry,,,No,,,,,,,,,,,,,,,,,,,,,,,,,,,,,,,,,,POINT (-76.930577046 39.002944005)
106772,Prince George's,Property Damage Crashes,DA2108000P,Prince George's County Police,"Sideswipe, Same Direction",Principal Arterial – Other,No,No,No,No,BALTIMORE AVE,1.0,UNITED STATE ROUTE,No,True,No,4/3/2024,4/3/2024,8,PGCOPD,7,16,3,No,,Point,08:45,2024,Wednesday,12,Motor Vehicle In Transport,5,On Roadway,3.0,,100.0,Local,,,9.0,Through Roadway,39.002973235,1,Daylight,2024-04-03,-76.930725894,N,45.93,F,N,No,,,A36EC56A5C032FF31C2667BD5391776AFC1418D43CBD75583EF16FE37432E8D2,US,1,No,,,,,9.0,Wet,,,No,,,,,,,,,,,,,,,,,,,,,,,,,,,,,,,,,,POINT (-76.93072589400001 39.002973235)
37330,Prince George's,Property Damage Crashes,DA4268006L,Prince George's County Police,"Sideswipe, Same Direction",Principal Arterial – Other,No,No,No,No,BALTIMORE AVE,1.0,UNITED STATE ROUTE,No,True,No,11/11/2024,11/11/2024,21,PGCOPD,7,16,3,No,,Point,21:06,2024,Monday,12,Motor Vehicle In Transport,5,On Roadway,3.0,,,,,,9.0,Through Roadway,39.003034033,3,Dark - Lighted,2024-11-11,-76.930733705,S,23.69,F,N,No,,,9F5C2803C3DC893E0107B1EE4F5C8D31E2AFA93F9C95160DA56F724E525EC4A7,US,1,No,,,,,1.0,Dry,,,No,,,,,,,,,,,,,,,,,,,,,,,,,,,,,,,,,,POINT (-76.93073370499999 39.003034033)
76706,Prince George's,Property Damage Crashes,DA4268006B,Prince George's County Police,Front to Front,Principal Arterial – Other,No,No,No,No,BALTIMORE AVE,1.0,UNITED STATE ROUTE,No,True,No,9/26/2024,9/26/2024,20,PGCOPD,2,16,3,No,,Point,20:28,2024,Thursday,12,Motor Vehicle In Transport,3,Median,3.0,,,,,,9.0,Through Roadway,39.003068219,3,Dark - Lighted,2024-09-26,-76.930699373,N,10.54,F,N,No,,,A36EC56A5C032FF31C2667BD5391776AFC1418D43CBD75583EF16FE37432E8D2,US,1,No,,,,,1.0,Dry,,,No,,,,,,,,,,,,,,,,,,,,,,,,,,,,,,,,,,POINT (-76.930699373 39.003068219)