,Crash County Description,Crash Severity Description,Reportnumber,Agencyname,CollisionImpact Description,FunctionalClass Description,ImpairedCrash,Large Vehicle Involved,Motorcycle Crash,Non-Motorist Crash,RoadName,Route Number,RouteType Description,Unrestrained Occupants,WithinDateRange,Work Zone Related,Crashdate,LOD Crash Date,Crashhour,AgencyCode,CollisionImpact,Crash County,Crash Severity,Crash Within Interchange,CrashInterchangeApproaches,CrashPoint,Crashtime,CrashYear,Dayofweek,FirstHarmEvent,FirstHarmEvent Description,FirstHarmLocation,FirstHarmLocation Description,FunctionalClass,Geometry Description,GovPropertyDamage,GovPropertyDamage Description,IntersectingRoadName,Intersection Geometry,JunctionRelated,JunctionRelated Description,Latitude,Light,Light Description,LOD Date Level,Longitude,MilepointDirection,MilepointDistance,MilepointUnits,NonTrafficFatal,OffRoad,OffroadLocation,OffroadLocation Description,RoadID,RouteType,SchoolBusRelated,SchoolBusRelated Description,SecondHarmEvent,SecondHarmEvent Description,SecondHarmLocation,SecondHarmLocation Description,Surface,Surface Description,TrafficControl,Trafficcontrol Description,Work Zone Crash,WZLawEnforcementPresent,WZLocation,WZLocation Description,WZType,WZType Description,WZWorkersPresent,Type NM Description,PersonID NM,ReportNumber NM,ActionPriorToCrash NM,ActionPriorToCrash NM Description,Age NM,City NM,ContactPoint NM,ContactPoint NM Description,DistractedByAction NM,DistractedByAction NM Description,DistractedBySource,DistractedBySource Description,Gender NM,IncidentResponder NM,IncidentResponder NM Description,InjuryStatus NM,InjuryStatus NM Description,Location NM,Location NM Description,OriginDestination NM,OriginDestination NM Description,State NM,StruckByVehID NM,Type NM,Unknown NM,ZipCode NM,geometry
61197,Prince George's,Property Damage Crashes,DA4050005C,Prince George's County Police,Front to Rear,Principal Arterial – Other,No,No,No,No,BALTIMORE AVE,1.0,UNITED STATE ROUTE,No,True,No,1/14/2024,1/14/2024,12,PGCOPD,3,16,3,No,,Point,12:10,2024,Sunday,12,Motor Vehicle In Transport,5,On Roadway,3.0,,,,,,4.0,Entrance/Exit Ramp or Related,39.003112707,1,Daylight,2024-01-14,-76.930691985,S,6.14,F,N,No,,,A36EC56A5C032FF31C2667BD5391776AFC1418D43CBD75583EF16FE37432E8D2,US,1,No,,,,,1.0,Dry,,,No,,,,,,,,,,,,,,,,,,,,,,,,,,,,,,,,,,POINT (-76.930691985 39.003112707)
96676,Prince George's,Property Damage Crashes,DA418100DT,Prince George's County Police,Single Vehicle,Principal Arterial – Other,No,No,No,No,BALTIMORE AVE,1.0,UNITED STATE ROUTE,No,True,No,9/18/2024,9/18/2024,4,PGCOPD,101,16,3,No,,Point,04:50,2024,Wednesday,36,"Other Post, Pole, Or Support",5,On Roadway,3.0,,,,,,9.0,Through Roadway,39.003123974,3,Dark - Lighted,2024-09-18,-76.930688954,S,10.19,F,N,No,,,A36EC56A5C032FF31C2667BD5391776AFC1418D43CBD75583EF16FE37432E8D2,US,1,No,,,,,9.0,Wet,,,No,,,,,,,,,,,,,,,,,,,,,,,,,,,,,,,,,,POINT (-76.930688954 39.003123974)
87775,Prince George's,Injury Crashes,DA4069008G,Prince George's County Police,Front to Front,Principal Arterial – Other,No,No,No,No,BALTIMORE AVE,1.0,UNITED STATE ROUTE,No,True,No,1/24/2024,1/24/2024,16,PGCOPD,2,16,2,Yes,,Point,16:19,2024,Wednesday,12,Motor Vehicle In Transport,5,On Roadway,3.0,,,,,,9.0,Through Roadway,39.003839731,1,Daylight,2024-01-24,-76.930513581,S,2.62,F,N,No,,,1152EB983CACCBB147C1476EC9103C3FA2E8706AE0EFA63B06971A40CEFAB7B3,US,1,No,12.0,Motor Vehicle In Transport,5.0,On Roadway,1.0,Dry,,,No,,,,,,,,,,,,,,,,,,,,,,,,,,,,,,,,,,POINT (-76.930513581 39.003839731)
38806,Prince George's,Property Damage Crashes,DA4069008F,Prince George's County Police,Front to Rear,Principal Arterial – Other,No,No,No,No,BALTIMORE AVE,1.0,UNITED STATE ROUTE,No,True,No,1/23/2024,1/23/2024,18,PGCOPD,3,16,3,No,,Point,18:29,2024,Tuesday,12,Motor Vehicle In Transport,5,On Roadway,3.0,,,,,,6.0,Non-Junction,39.003853664,3,Dark - Lighted,2024-01-23,-76.930394993,N,58.11,F,N,No,,,7D87640007025780F3BE05665DAD6D9F360883A34124F9F81F72857D21D66C54,US,1,No,,,,,1.0,Dry,,,No,,,,,,,,,,,,,,,,,,,,,,,,,,,,,,,,,,POINT (-76.93039499299999 39.003853664)
44850,Prince George's,Property Damage Crashes,DA34380010,Prince George's County Police,"Sideswipe, Same Direction",Principal Arterial – Other,No,No,No,No,,1.0,UNITED STATE ROUTE,No,True,No,3/29/2024,3/29/2024,18,PGCOPD,7,16,3,No,,Point,18:24,2024,Friday,12,Motor Vehicle In Transport,5,On Roadway,3.0,,,,CHEROKEE ST #1,,6.0,Non-Junction,39.003854967,1,Daylight,2024-03-29,-76.930094011,W,114.6,F,N,No,,,2D51854320F481F8693EA4FD636F77D3A02A364B14A0D5FFE984C3AAC1213C0A,US,1,No,12.0,Motor Vehicle In Transport,9.0,Roadside,1.0,Dry,,,No,,,,,,,,,,,,,,,,,,,,,,,,,,,,,,,,,,POINT (-76.93009401099999 39.003854967)
82884,Prince George's,Property Damage Crashes,DA4268005F,Prince George's County Police,Angle,Local,No,No,No,No,CHEROKEE ST #1,191.0,MUNICIPAL ROAD,No,True,No,5/11/2024,5/11/2024,20,PGCOPD,1,16,3,Yes,4.0,Point,20:56,2024,Saturday,12,Motor Vehicle In Transport,5,On Roadway,7.0,Perpendicular,,,BALTIMORE AVE,3.0,5.0,Intersection or Related,39.003936059,3,Dark - Lighted,2024-05-11,-76.930425461,W,0.0,F,N,No,,,A9F6FC0AB67DBCDB68A7DA469D4B9E4B74E06309E20B10BCBF0FEA548C81C850,MU,1,No,12.0,Motor Vehicle In Transport,5.0,On Roadway,9.0,Wet,1.0,Signalized,No,,,,,,,,,,,,,,,,,,,,,,,,,,,,,,,,,,POINT (-76.930425461 39.003936059)
29000,Prince George's,Property Damage Crashes,DA40500063,Prince George's County Police,"Sideswipe, Same Direction",Local,No,No,No,No,DELAWARE ST #1,361.0,MUNICIPAL ROAD,No,True,No,8/8/2024,8/8/2024,10,PGCOPD,7,16,3,No,,Point,10:50,2024,Thursday,15,Parked Vehicle,5,On Roadway,7.0,,,,,,9.0,Through Roadway,39.004019792,1,Daylight,2024-08-08,-76.924416519,S,9.52,F,N,No,,,4BF9EAF872D22518E86E9FBC6F43F0713F808F756B7461E7BA06EB51164D2270,MU,1,No,,,,,9.0,Wet,,,No,,,,,,,,,,,,,,,,,,,,,,,,,,,,,,,,,,POINT (-76.924416519 39.004019792)
19716,Prince George's,Injury Crashes,DA40500061,Prince George's County Police,Front to Rear,Principal Arterial – Other,No,No,No,No,,1.0,UNITED STATE ROUTE,No,True,No,8/2/2024,8/2/2024,13,PGCOPD,3,16,2,No,,Point,13:34,2024,Friday,15,Parked Vehicle,5,On Roadway,3.0,,,,,,9.0,Through Roadway,39.004247167,1,Daylight,2024-08-02,-76.930566209,E,45.02,F,N,No,,,B216E21D1577D6656DD969D92257D506BD2EF63CA6D7EE1424CC989B73E00960,US,1,No,,,,,1.0,Dry,,,No,,,,,,,,,,,,,,,,,,,,,,,,,,,,,,,,,,POINT (-76.93056620900001 39.004247167)
71982,Prince George's,Property Damage Crashes,DA4418000B,Prince George's County Police,"Sideswipe, Same Direction",Local,No,No,No,No,ST ANDREWS PL,1130.0,MUNICIPAL ROAD,No,True,No,12/29/2024,12/29/2024,4,PGCOPD,7,16,3,No,,Point,04:44,2024,Sunday,15,Parked Vehicle,5,On Roadway,7.0,,,,,,6.0,Non-Junction,39.004536559,3,Dark - Lighted,2024-12-29,-76.948900309,E,8.77,F,N,No,,,4C1550186D783D7EB632DD365A3A11B7DCEDACE34304AB87B89D830C0CE0C712,MU,1,No,,,,,9.0,Wet,,,No,,,,,,,,,,,,,,,,,,,,,,,,,,,,,,,,,,POINT (-76.948900309 39.004536559)
47424,Prince George's,Property Damage Crashes,DA4163003M,Prince George's County Police,Other,Local,No,No,No,No,DELAWARE ST #1,361.0,MUNICIPAL ROAD,No,True,No,9/12/2024,9/12/2024,12,PGCOPD,98,16,3,No,,Point,12:00,2024,Thursday,12,Motor Vehicle In Transport,5,On Roadway,7.0,,,,,,99.0,Unknown,39.004797474,1,Daylight,2024-09-12,-76.926684584,S,41.64,F,N,No,,,30F3A673B6307534E95754F10C2E1AB4AF6FD0159EB9EC511DD3497C6E48AD8C,MU,1,No,15.0,Parked Vehicle,5.0,On Roadway,1.0,Dry,,,No,,,,,,,,,,,,,,,,,,,,,,,,,,,,,,,,,,POINT (-76.926684584 39.004797474)
84392,Prince George's,Property Damage Crashes,DA27770037,Prince George's County Police,"Sideswipe, Same Direction",Local,No,No,No,No,GETTYSBURG LA,525.0,MUNICIPAL ROAD,No,True,No,6/30/2024,6/30/2024,13,PGCOPD,7,16,3,No,,Point,13:11,2024,Sunday,15,Parked Vehicle,5,On Roadway,7.0,,,,,,6.0,Non-Junction,39.005184745,1,Daylight,2024-06-30,-76.945552076,E,12.27,F,N,No,,,6C457789AD779B50F94E6BC7620AF09E12C8CD1CEC5E156675FAFEEC2CB49E81,MU,1,No,97.0,Not Applicable,,,1.0,Dry,,,No,,,,,,,,,,,,,,,,,,,,,,,,,,,,,,,,,,POINT (-76.945552076 39.005184745)
24362,Prince George's,Property Damage Crashes,DA4186009J,Prince George's County Police,Front to Rear,Local,No,No,No,No,RHODE ISLAND RD,1090.0,MUNICIPAL ROAD,Yes,True,No,4/15/2024,4/15/2024,9,PGCOPD,3,16,3,No,,Point,09:58,2024,Monday,12,Motor Vehicle In Transport,5,On Roadway,7.0,,,,,,6.0,Non-Junction,39.005428269,1,Daylight,2024-04-15,-76.923497666,S,37.6,F,N,No,,,77649DCA423172D824A041A98BB6DB4E9A85D971E7E633E857BA1E3EC77F0FDA,MU,1,No,12.0,Motor Vehicle In Transport,5.0,On Roadway,1.0,Dry,,,No,,,,,,,,,,,,,,,,,,,,,,,,,,,,,,,,,,POINT (-76.923497666 39.005428269)
94967,Prince George's,Property Damage Crashes,DA3496001K,Prince George's County Police,Other,Principal Arterial – Other,No,No,No,No,BALTIMORE AVE,1.0,UNITED STATE ROUTE,No,True,No,6/22/2024,6/22/2024,10,PGCOPD,98,16,3,No,,Point,10:16,2024,Saturday,12,Motor Vehicle In Transport,5,On Roadway,3.0,,,,,,6.0,Non-Junction,39.005614957,1,Daylight,2024-06-22,-76.930090509,E,8.62,F,N,No,,,BE0B811E62C6F642C3A48CBFD4D34F96BF4D892B953E4FE617ED8A2BBA1E6263,US,1,No,12.0,Motor Vehicle In Transport,5.0,On Roadway,1.0,Dry,,,No,,,,,,,,,,,,,,,,,,,,,,,,,,,,,,,,,,POINT (-76.930090509 39.005614957)
12316,Prince George's,Property Damage Crashes,DA418100F2,Prince George's County Police,Other,Principal Arterial – Other,No,Yes,No,No,,1.0,UNITED STATE ROUTE,No,True,No,11/1/2024,11/1/2024,10,PGCOPD,98,16,3,No,,Point,10:56,2024,Friday,12,Motor Vehicle In Transport,5,On Roadway,3.0,,100.0,Local,,,9.0,Through Roadway,39.005625225,1,Daylight,2024-11-01,-76.930047823,S,17.29,F,N,No,,,89194B319FC14D4B707F668F94FBFCD2B6565D0318DBCFA3B4D6044A87AF676C,US,1,No,,,,,1.0,Dry,,,No,,,,,,,,,,,,,,,,,,,,,,,,,,,,,,,,,,POINT (-76.930047823 39.005625225)
4748,Prince George's,Property Damage Crashes,DA4268004S,Prince George's County Police,Rear To Side,Local,No,No,No,No,INDIAN LA,610.0,MUNICIPAL ROAD,No,True,No,1/15/2024,1/15/2024,16,PGCOPD,5,16,3,No,,Point,16:52,2024,Monday,15,Parked Vehicle,99,Unknown,7.0,,,,,,6.0,Non-Junction,39.005687475,3,Dark - Lighted,2024-01-15,-76.922609654,W,26.08,F,N,No,,,FC0F66DCF0FDF22355527A58256BEE9AAF11E81C61421CE9B90369FA76DE6183,MU,1,No,,,,,9.0,Wet,,,No,,,,,,,,,,,,,,,,,,,,,,,,,,,,,,,,,,POINT (-76.922609654 39.005687475)
101094,Prince George's,Property Damage Crashes,DA40500059,Prince George's County Police,"Sideswipe, Same Direction",Local,No,No,No,No,DELAWARE ST #1,361.0,MUNICIPAL ROAD,No,True,No,1/4/2024,1/4/2024,18,PGCOPD,7,16,3,No,,Point,18:25,2024,Thursday,12,Motor Vehicle In Transport,5,On Roadway,7.0,,,,BALTIMORE AVE,,6.0,Non-Junction,39.005795754,3,Dark - Lighted,2024-01-04,-76.929984137,N,0.0,F,N,No,,,EDBD9FD84E5BD2A5E43B3899DC0E2B7C94DA01A75E73757297484C5CF39AE404,MU,1,No,36.0,"Other Post, Pole, Or Support",5.0,On Roadway,1.0,Dry,,,No,,,,,,,,,,,,,,,,,,,,,,,,,,,,,,,,,,POINT (-76.92998413700001 39.005795754)
13809,Prince George's,Property Damage Crashes,DA40500065,Prince George's County Police,Front to Rear,Principal Arterial – Other,No,No,No,No,BALTIMORE AVE,1.0,UNITED STATE ROUTE,No,True,No,9/2/2024,9/2/2024,0,PGCOPD,3,16,3,No,,Point,00:59,2024,Monday,12,Motor Vehicle In Transport,5,On Roadway,3.0,,,,,,9.0,Through Roadway,39.005926085,3,Dark - Lighted,2024-09-02,-76.929993557,S,7.33,F,N,No,,,0FB644BDF64BB7F506898165DE7C98E67638DE5B3A59D751E2190125FD592DD9,US,1,No,,,,,1.0,Dry,,,No,,,,,,,,,,,,,,,,,,,,,,,,,,,,,,,,,,POINT (-76.929993557 39.005926085)
9490,Prince George's,Property Damage Crashes,DA3126000R,Prince George's County Police,Other,Local,No,No,No,No,FOX ST,510.0,MUNICIPAL ROAD,No,True,No,2/28/2024,2/28/2024,16,PGCOPD,98,16,3,Yes,2.0,Point,16:00,2024,Wednesday,12,Motor Vehicle In Transport,5,On Roadway,7.0,Perpendicular,,,RHODE ISLAND RD,3.0,5.0,Intersection or Related,39.00611294,1,Daylight,2024-02-28,-76.92336651,N,0.0,F,N,No,,,AC85DDA067A01ECC822A22719F3057EF2154C97E9B7B220FFEECA0DFB462E1B7,MU,1,No,12.0,Motor Vehicle In Transport,5.0,On Roadway,9.0,Wet,5.0,No Controls,No,,,,,,,,,,,,,,,,,,,,,,,,,,,,,,,,,,POINT (-76.92336650999999 39.00611294)
68595,Prince George's,Property Damage Crashes,DA4050005N,Prince George's County Police,Angle,Local,No,No,No,No,RHODE ISLAND RD,1090.0,MUNICIPAL ROAD,No,True,No,3/24/2024,3/24/2024,15,PGCOPD,1,16,3,No,2.0,Point,15:40,2024,Sunday,12,Motor Vehicle In Transport,5,On Roadway,7.0,Angled/Skewed,,,FOX ST,1.0,5.0,Intersection or Related,39.006119479,1,Daylight,2024-03-24,-76.923394839,N,0.0,F,N,No,,,8544C1874E871CBA3FCB01715F958DD271C376C1CB601B522B62F21079805CEE,MU,1,No,,,,,1.0,Dry,3.0,Stop - Partial,No,,,,,,,,,,,,,,,,,,,,,,,,,,,,,,,,,,POINT (-76.923394839 39.006119479)
166,Prince George's,Property Damage Crashes,DA4268005D,Prince George's County Police,Angle,Major Collector,No,No,No,No,RHODE ISLAND AVE,171.0,MUNICIPAL ROAD,No,True,No,5/10/2024,5/10/2024,18,PGCOPD,1,16,3,Yes,4.0,Point,18:38,2024,Friday,12,Motor Vehicle In Transport,5,On Roadway,5.0,Perpendicular,,,FOX ST INDIAN LA,3.0,5.0,Intersection or Related,39.006164817,1,Daylight,2024-05-10,-76.923473769,N,0.0,F,N,No,,,A919AF645959736C6B8B2E88FDBE2FFE16D949EA5F502B36E65E4EBF9C3DDB4F,MU,1,No,12.0,Motor Vehicle In Transport,5.0,On Roadway,9.0,Wet,3.0,Stop - Partial,No,,,,,,,,,,,,,,,,,,,,,,,,,,,,,,,,,,POINT (-76.923473769 39.006164817)
64148,Prince George's,Injury Crashes,DA37740072,Prince George's County Police,Front to Rear,Local,No,No,No,No,FOX ST,510.0,MUNICIPAL ROAD,No,True,No,1/9/2024,1/9/2024,15,PGCOPD,3,16,2,No,,Point,15:33,2024,Tuesday,12,Motor Vehicle In Transport,5,On Roadway,7.0,,,,RHODE ISLAND RD,,1.0,Acceleration/Deceleration Lane,39.006183001,1,Daylight,2024-01-09,-76.923327948,N,1.13,F,N,No,,,AC85DDA067A01ECC822A22719F3057EF2154C97E9B7B220FFEECA0DFB462E1B7,MU,1,No,97.0,Not Applicable,,,9.0,Wet,,,No,,,,,,,,,,,,,,,,,,,,,,,,,,,,,,,,,,POINT (-76.92332794799999 39.006183001)
100139,Prince George's,Injury Crashes,DA4381001L,Prince George's County Police,Unknown,Local,No,No,No,Yes,MARLBROUGH WAY,810.0,MUNICIPAL ROAD,No,True,No,9/30/2024,9/30/2024,1,PGCOPD,99,16,2,No,,Point,01:00,2024,Monday,17,Pedestrian,2,In Parking Lane Or Zone,7.0,,,,,,6.0,Non-Junction,39.006713869,3,Dark - Lighted,2024-09-30,-76.952958932,S,27.77,F,N,No,,,DCBD1C1DFA8B54AE6358FB44D18B8F099CA8E513C28F880DB514A13EEAE5C1DA,MU,1,No,,,,,9.0,Wet,,,No,,,,,,,Pedestrian,6e5998ce-5a8c-46d4-a066-1b63278ba545,DA4381001L,98.0,Other,58.0,COLLEGE PARK,6.0,Rear,99.0,Unknown,99.0,Unknown,M,1.0,No,3.0,Suspected Minor Injury,17.0,Sidewalk,97.0,Not Applicable,MD,fe06eabc-05f0-493d-b904-794ae3d55e96,6.0,N,20740,POINT (-76.952958932 39.006713869)
53873,Prince George's,Property Damage Crashes,DA418100DV,Prince George's County Police,"Sideswipe, Same Direction",Principal Arterial – Other,No,No,No,No,BALTIMORE AVE,1.0,UNITED STATE ROUTE,No,True,No,9/30/2024,9/30/2024,17,PGCOPD,7,16,3,No,,Point,17:00,2024,Monday,12,Motor Vehicle In Transport,5,On Roadway,3.0,,,,,,9.0,Through Roadway,39.006728691,1,Daylight,2024-09-30,-76.929785431,S,5.4,F,N,No,,,742591E21010534564E01886D9A3949CD4F0A853647067DBC8B54260FDFF8670,US,1,No,12.0,Motor Vehicle In Transport,5.0,On Roadway,9.0,Wet,,,No,,,,,,,,,,,,,,,,,,,,,,,,,,,,,,,,,,POINT (-76.929785431 39.006728691)
17285,Prince George's,Property Damage Crashes,DA3126000T,Prince George's County Police,"Sideswipe, Same Direction",Local,No,No,No,No,48TH PL,9485.0,MUNICIPAL ROAD,No,True,No,3/24/2024,3/24/2024,11,PGCOPD,7,16,3,No,,Point,11:00,2024,Sunday,12,Motor Vehicle In Transport,5,On Roadway,7.0,,,,,,9.0,Through Roadway,39.007596309,1,Daylight,2024-03-24,-76.926672631,N,27.43,F,N,No,,,75E8F1075E2C4E1E02C0ABBD390555EF3BBFBB2D58F62D243D8BC882C1AEEB0E,MU,1,No,,,,,1.0,Dry,,,No,,,,,,,,,,,,,,,,,,,,,,,,,,,,,,,,,,POINT (-76.926672631 39.007596309)
29102,Prince George's,Property Damage Crashes,DA40500068,Prince George's County Police,Angle,Principal Arterial – Other,No,No,No,No,,1.0,UNITED STATE ROUTE,No,True,No,9/18/2024,9/18/2024,16,PGCOPD,1,16,3,No,,Point,16:05,2024,Wednesday,12,Motor Vehicle In Transport,5,On Roadway,3.0,,,,,,2.0,Crossover-Related,39.007821739,1,Daylight,2024-09-18,-76.929498681,N,17.81,F,N,No,,,4382B3B4BE9E8AC10F540EB80345DA40F7ACBCFEE59AE027AA41F9E70A9411A5,US,1,No,,,,,1.0,Dry,,,No,,,,,,,,,,,,,,,,,,,,,,,,,,,,,,,,,,POINT (-76.929498681 39.007821739)
68950,Prince George's,Injury Crashes,DA40500064,Prince George's County Police,Single Vehicle,Principal Arterial – Other,No,No,No,Yes,,1.0,UNITED STATE ROUTE,No,True,No,8/8/2024,8/8/2024,16,PGCOPD,101,16,2,No,,Point,16:13,2024,Thursday,17,Pedestrian,5,On Roadway,3.0,,,,,,9.0,Through Roadway,39.008107476,1,Daylight,2024-08-08,-76.929409432,N,5.86,F,N,No,,,899FD5F658D29DCDFEDA3D690440EEC3040B9CF6358361886E60FF8D6421FC68,US,1,No,,,,,9.0,Wet,,,No,,,,,,,Pedestrian,d715623f-421c-462b-8035-25d886404454,DA40500064,100.0,Cross/Enter at Intersection,48.0,CLINTON,9.0,Left,0.0,Not Distracted,,,M,4.0,Police,3.0,Suspected Minor Injury,1.0,Intersection – Marked Crosswalk,97.0,Not Applicable,MD,b82b64d1-9d94-486f-8b8d-10a35fb3b5b6,6.0,N,20735,POINT (-76.929409432 39.008107476)
31557,Prince George's,Property Damage Crashes,DA4060005X,Prince George's County Police,"Sideswipe, Same Direction",Local,No,No,No,No,LIMESTONE PL,730.0,MUNICIPAL ROAD,No,True,No,6/3/2024,6/3/2024,18,PGCOPD,7,16,3,No,,Point,18:30,2024,Monday,15,Parked Vehicle,5,On Roadway,7.0,,,,,,6.0,Non-Junction,39.00816089,1,Daylight,2024-06-03,-76.955095259,E,22.2,F,N,No,,,722742569372C623B5134987870BF99D29449812AE82E30C0C51FA0D4C3CF835,MU,1,No,,,,,1.0,Dry,,,No,,,,,,,,,,,,,,,,,,,,,,,,,,,,,,,,,,POINT (-76.955095259 39.00816089)
70723,Prince George's,Property Damage Crashes,DA3447003K,Prince George's County Police,Unknown,Local,No,No,No,No,KENNEBUNK TERR,640.0,MUNICIPAL ROAD,No,True,No,3/22/2024,3/22/2024,11,PGCOPD,99,16,3,No,,Point,11:44,2024,Friday,19,Strikes Object at Rest from Motor Vehicle In Transport,2,In Parking Lane Or Zone,7.0,,,,52ND AVE #1,,6.0,Non-Junction,39.008542238,1,Daylight,2024-03-22,-76.916521809,N,26.88,F,N,No,,,F4DBFA5A352791F4FB1AB052E39564B68F897906F4908062E961704349A2D662,MU,1,No,,,,,1.0,Dry,,,No,,,,,,,,,,,,,,,,,,,,,,,,,,,,,,,,,,POINT (-76.916521809 39.008542238)
52530,Prince George's,Property Damage Crashes,DA4069009B,Prince George's County Police,Unknown,Local,No,No,No,No,DAVIDSON ST,340.0,MUNICIPAL ROAD,No,True,No,8/5/2024,8/5/2024,3,PGCOPD,99,16,3,No,,Point,03:00,2024,Monday,12,Motor Vehicle In Transport,5,On Roadway,7.0,,,,,,9.0,Through Roadway,39.008679619,99,Unknown,2024-08-05,-76.951434715,N,24.18,F,N,No,,,D0180B9C1EF3D41302EFCB853B2ECEF1054BC0B09569F3F4AA52DE5676254050,MU,1,No,,,,,1.0,Dry,,,No,,,,,,,,,,,,,,,,,,,,,,,,,,,,,,,,,,POINT (-76.951434715 39.008679619)
29646,Prince George's,Property Damage Crashes,DA325700D0,Prince George's County Police,Front to Rear,,No,No,No,No,RHODE ISLAND AVE (NB/L),171.0,MUNICIPAL ROAD,No,True,No,12/20/2024,12/20/2024,14,PGCOPD,3,16,3,Yes,3.0,Point,14:39,2024,Friday,12,Motor Vehicle In Transport,5,On Roadway,,Perpendicular,,,KENESAW ST,3.0,5.0,Intersection or Related,39.008721878,1,Daylight,2024-12-20,-76.922781258,S,0.0,F,N,No,,,48ADC8CAE258EBD60515AD32AB7D8B6C530845F3CF844313CE0C7C49F4B8F8FD,MU,1,No,,,,,9.0,Wet,3.0,Stop - Partial,No,,,,,,,,,,,,,,,,,,,,,,,,,,,,,,,,,,POINT (-76.922781258 39.008721878)
47514,Prince George's,Property Damage Crashes,DA3126000V,Prince George's County Police,Other,Principal Arterial – Other,No,No,No,No,BALTIMORE AVE,1.0,UNITED STATE ROUTE,No,True,No,4/16/2024,4/16/2024,16,PGCOPD,98,16,3,No,,Point,16:20,2024,Tuesday,12,Motor Vehicle In Transport,5,On Roadway,3.0,,100.0,Local,,,6.0,Non-Junction,39.008872913,1,Daylight,2024-04-16,-76.929219537,E,6.79,F,N,No,,,C1958026C5246053B424927B763E1D7A697706430873C2F0815281C4C7E66DBB,US,1,No,,,,,1.0,Dry,,,No,,,,,,,,,,,,,,,,,,,,,,,,,,,,,,,,,,POINT (-76.92921953699999 39.008872913)
21873,Prince George's,Property Damage Crashes,DA4050006H,Prince George's County Police,"Sideswipe, Same Direction",Local,No,No,No,No,WOFFORD LA,1250.0,MUNICIPAL ROAD,No,True,No,11/10/2024,11/10/2024,13,PGCOPD,7,16,3,No,,Point,13:51,2024,Sunday,15,Parked Vehicle,5,On Roadway,7.0,,,,,,9.0,Through Roadway,39.009122807,1,Daylight,2024-11-10,-76.950596492,N,24.05,F,N,No,,,0F4BCC18530F353651B5D58FA7F83539E1A1B4D92BB59E098FEFB4D94560547E,MU,1,No,,,,,1.0,Dry,,,No,,,,,,,,,,,,,,,,,,,,,,,,,,,,,,,,,,POINT (-76.950596492 39.009122807)
60623,Prince George's,Property Damage Crashes,DA418100DY,Prince George's County Police,Front to Rear,Principal Arterial – Other,No,No,No,No,BALTIMORE AVE,1.0,UNITED STATE ROUTE,No,True,No,10/9/2024,10/9/2024,15,PGCOPD,3,16,3,No,,Point,15:44,2024,Wednesday,12,Motor Vehicle In Transport,5,On Roadway,3.0,,,,,,9.0,Through Roadway,39.009414712,1,Daylight,2024-10-09,-76.929064636,N,10.23,F,N,No,,,C3790F176219DFBF88EECC4C2A766F1709E8477A4162D1092C567CE45559A5EC,US,1,No,12.0,Motor Vehicle In Transport,5.0,On Roadway,1.0,Dry,,,No,,,,,,,,,,,,,,,,,,,,,,,,,,,,,,,,,,POINT (-76.92906463600001 39.009414712)
90065,Prince George's,Property Damage Crashes,DA418100D1,Prince George's County Police,Other,Principal Arterial – Other,No,No,No,No,BALTIMORE AVE,1.0,UNITED STATE ROUTE,No,True,No,5/10/2024,5/10/2024,16,PGCOPD,98,16,3,No,,Point,16:06,2024,Friday,12,Motor Vehicle In Transport,5,On Roadway,3.0,,,,,,9.0,Through Roadway,39.009453091,1,Daylight,2024-05-10,-76.92905513,S,5.08,F,N,No,,,C3790F176219DFBF88EECC4C2A766F1709E8477A4162D1092C567CE45559A5EC,US,1,No,12.0,Motor Vehicle In Transport,5.0,On Roadway,9.0,Wet,,,No,,,,,,,,,,,,,,,,,,,,,,,,,,,,,,,,,,POINT (-76.92905512999999 39.009453091)
74497,Prince George's,Property Damage Crashes,DA4050005G,Prince George's County Police,Front to Rear,Local,No,No,No,No,MARLBROUGH WAY,810.0,MUNICIPAL ROAD,No,True,No,1/28/2024,1/28/2024,12,PGCOPD,3,16,3,No,,Point,12:00,2024,Sunday,15,Parked Vehicle,7,"On Shoulder, Right Side",7.0,,,,,,6.0,Non-Junction,39.009484358,1,Daylight,2024-01-28,-76.94818267,W,1.37,F,N,No,,,9A14C39FBE1775613AF952478D7E504FCC72908E5F7A0FD7DF0BE7EB7FDC61FB,MU,1,No,,,,,9.0,Wet,,,No,,,,,,,,,,,,,,,,,,,,,,,,,,,,,,,,,,POINT (-76.94818266999999 39.009484358)