,Crash County Description,Crash Severity Description,Reportnumber,Agencyname,CollisionImpact Description,FunctionalClass Description,ImpairedCrash,Large Vehicle Involved,Motorcycle Crash,Non-Motorist Crash,RoadName,Route Number,RouteType Description,Unrestrained Occupants,WithinDateRange,Work Zone Related,Crashdate,LOD Crash Date,Crashhour,AgencyCode,CollisionImpact,Crash County,Crash Severity,Crash Within Interchange,CrashInterchangeApproaches,CrashPoint,Crashtime,CrashYear,Dayofweek,FirstHarmEvent,FirstHarmEvent Description,FirstHarmLocation,FirstHarmLocation Description,FunctionalClass,Geometry Description,GovPropertyDamage,GovPropertyDamage Description,IntersectingRoadName,Intersection Geometry,JunctionRelated,JunctionRelated Description,Latitude,Light,Light Description,LOD Date Level,Longitude,MilepointDirection,MilepointDistance,MilepointUnits,NonTrafficFatal,OffRoad,OffroadLocation,OffroadLocation Description,RoadID,RouteType,SchoolBusRelated,SchoolBusRelated Description,SecondHarmEvent,SecondHarmEvent Description,SecondHarmLocation,SecondHarmLocation Description,Surface,Surface Description,TrafficControl,Trafficcontrol Description,Work Zone Crash,WZLawEnforcementPresent,WZLocation,WZLocation Description,WZType,WZType Description,WZWorkersPresent,Type NM Description,PersonID NM,ReportNumber NM,ActionPriorToCrash NM,ActionPriorToCrash NM Description,Age NM,City NM,ContactPoint NM,ContactPoint NM Description,DistractedByAction NM,DistractedByAction NM Description,DistractedBySource,DistractedBySource Description,Gender NM,IncidentResponder NM,IncidentResponder NM Description,InjuryStatus NM,InjuryStatus NM Description,Location NM,Location NM Description,OriginDestination NM,OriginDestination NM Description,State NM,StruckByVehID NM,Type NM,Unknown NM,ZipCode NM,geometry
31014,Prince George's,Injury Crashes,DA4268004T,Prince George's County Police,Single Vehicle,Local,No,No,No,No,HOLLYWOOD RD,580.0,MUNICIPAL ROAD,Yes,True,No,1/16/2024,1/16/2024,20,PGCOPD,101,16,2,Unknown,,Point,20:14,2024,Tuesday,30,Fence,5,On Roadway,7.0,,100.0,Local,NARRAGANSETT PKWY #2,,99.0,Unknown,39.009532545,3,Dark - Lighted,2024-01-16,-76.916732563,W,9.83,F,N,No,,,54A7FF4E10FE9E48CF141C8BAACDD95A917F208DBE2A09A191B7AE0A5851F8BB,MU,1,No,,,,,2.0,Ice/Frost,,,No,,,,,,,,,,,,,,,,,,,,,,,,,,,,,,,,,,POINT (-76.916732563 39.009532545)
83261,Prince George's,Property Damage Crashes,DA4050006L,Prince George's County Police,Single Vehicle,Principal Arterial – Other,No,No,No,No,,1.0,UNITED STATE ROUTE,No,True,No,12/7/2024,12/7/2024,2,PGCOPD,101,16,3,No,,Point,02:03,2024,Saturday,41,Utility Pole/Light Support,9,Roadside,3.0,,,,,,9.0,Through Roadway,39.009640055,3,Dark - Lighted,2024-12-07,-76.92901311,N,16.25,F,N,No,,,29094FF8667038EBF54E68B9AD55D229B509DB1BA305746E9A80288E3484BFBE,US,1,No,,,,,1.0,Dry,,,No,,,,,,,,,,,,,,,,,,,,,,,,,,,,,,,,,,POINT (-76.92901311 39.009640055)
8164,Prince George's,Property Damage Crashes,DA42680066,Prince George's County Police,"Sideswipe, Same Direction",Local,No,No,No,No,RHODE ISLAND RD,1090.0,MUNICIPAL ROAD,No,True,No,9/20/2024,9/20/2024,19,PGCOPD,7,16,3,No,,Point,19:41,2024,Friday,15,Parked Vehicle,5,On Roadway,7.0,,,,,,9.0,Through Roadway,39.009953873,4,Dark - Not Lighted,2024-09-20,-76.922297031,N,11.35,F,N,No,,,EB0DACD265B810801DE9212B11B20D329015F13AB8762B4AEC29BD750628D08B,MU,1,No,,,,,1.0,Dry,,,No,,,,,,,,,,,,,,,,,,,,,,,,,,,,,,,,,,POINT (-76.922297031 39.009953873)
25845,Prince George's,Property Damage Crashes,DA4050005B,Prince George's County Police,"Sideswipe, Same Direction",Local,No,No,No,No,48TH AVE #3,9483.0,MUNICIPAL ROAD,No,True,No,1/14/2024,1/14/2024,10,PGCOPD,7,16,3,No,,Point,10:00,2024,Sunday,15,Parked Vehicle,2,In Parking Lane Or Zone,7.0,,,,,,9.0,Through Roadway,39.010110689,1,Daylight,2024-01-14,-76.926683535,W,10.17,F,N,No,,,8AD54101C81E3C6A1AF5E52219FFC561AF3290FDA059C98C54A6831671DE2FD6,MU,1,No,,,,,1.0,Dry,,,No,,,,,,,,,,,,,,,,,,,,,,,,,,,,,,,,,,POINT (-76.926683535 39.010110689)
94822,Prince George's,Property Damage Crashes,DA4381001T,Prince George's County Police,Other,Local,No,No,No,No,HOLLYWOOD RD,580.0,MUNICIPAL ROAD,No,True,No,10/31/2024,10/31/2024,16,PGCOPD,98,16,3,No,,Point,16:00,2024,Thursday,12,Motor Vehicle In Transport,5,On Roadway,7.0,,,,50TH AVE,,1.0,Acceleration/Deceleration Lane,39.010265976,1,Daylight,2024-10-31,-76.921230326,E,5.21,F,N,No,,,70E8620DF120474B1F2E054C9A7672A419161B7FF7F3F7E240A9F3FDF91526D6,MU,1,No,,,,,1.0,Dry,,,No,,,,,,,,,,,,,,,,,,,,,,,,,,,,,,,,,,POINT (-76.921230326 39.010265976)
32763,Prince George's,Property Damage Crashes,DA405100CH,Prince George's County Police,Single Vehicle,,No,No,No,No,,,,Yes,True,No,1/5/2024,1/5/2024,19,PGCOPD,101,16,3,,,Point,19:19,2024,Friday,35,"Other Fixed Object (wall, building, tunnel, etc.)",2,In Parking Lane Or Zone,,,,,,,,,39.010356837,4,Dark - Not Lighted,2024-01-05,-76.92953444,,,F,N,Yes,102.0,Parking Lot Way,,,1,No,97.0,Not Applicable,,,,,,,No,,,,,,,,,,,,,,,,,,,,,,,,,,,,,,,,,,POINT (-76.92953444 39.010356837)
29003,Prince George's,Property Damage Crashes,DA41930075,Prince George's County Police,Unknown,,No,No,No,No,RHODE ISLAND AVE (NB/L),171.0,MUNICIPAL ROAD,No,True,No,3/24/2024,3/24/2024,16,PGCOPD,99,16,3,No,,Point,16:00,2024,Sunday,36,"Other Post, Pole, Or Support",7,"On Shoulder, Right Side",,,100.0,Local,,,6.0,Non-Junction,39.010447263,1,Daylight,2024-03-24,-76.922313914,N,52.3,F,N,No,,,8A2185D0EB78701124285F980CDAF970E8C8E9350272FEAE5873206B390055F9,MU,1,No,,,,,1.0,Dry,,,No,,,,,,,,,,,,,,,,,,,,,,,,,,,,,,,,,,POINT (-76.922313914 39.010447263)
105829,Prince George's,Property Damage Crashes,DA40690097,Prince George's County Police,Single Vehicle,,No,No,No,No,RHODE ISLAND AVE (NB/L),171.0,MUNICIPAL ROAD,No,True,No,7/14/2024,7/14/2024,0,PGCOPD,101,16,3,Yes,,Point,00:17,2024,Sunday,36,"Other Post, Pole, Or Support",5,On Roadway,,,,,HOLLYWOOD RD,,9.0,Through Roadway,39.010468951,3,Dark - Lighted,2024-07-14,-76.92239294,E,19.33,F,N,No,,,A5B2542A576CEB97DBEF3882A679B002F11F56FDA8FDA35B510E5C857E919E5D,MU,1,No,,,,,1.0,Dry,,,No,,,,,,,,,,,,,,,,,,,,,,,,,,,,,,,,,,POINT (-76.92239293999999 39.010468951)
41811,Prince George's,Property Damage Crashes,DA4060005S,Prince George's County Police,"Sideswipe, Same Direction",Local,No,No,No,No,48TH AVE #3,9483.0,MUNICIPAL ROAD,No,True,No,1/14/2024,1/14/2024,4,PGCOPD,7,16,3,No,,Point,04:07,2024,Sunday,15,Parked Vehicle,7,"On Shoulder, Right Side",7.0,,,,,,6.0,Non-Junction,39.010524337,3,Dark - Lighted,2024-01-14,-76.926434748,W,47.73,F,N,No,,,BB5AF93B3B97FD5092F40426BAF52B42B0EF967FD2641B1D99985B976709BD17,MU,1,No,15.0,Parked Vehicle,6.0,"On Shoulder, Left Side",1.0,Dry,,,No,,,,,,,,,,,,,,,,,,,,,,,,,,,,,,,,,,POINT (-76.92643474800001 39.010524337)
8521,Prince George's,Property Damage Crashes,DA39650082,Prince George's County Police,"Sideswipe, Same Direction",Local,No,No,No,No,51ST AVE,9510.0,MUNICIPAL ROAD,No,True,No,2/29/2024,2/29/2024,9,PGCOPD,7,16,3,Yes,,Point,09:56,2024,Thursday,15,Parked Vehicle,9,Roadside,7.0,,,,,,99.0,Unknown,39.010652983,1,Daylight,2024-02-29,-76.91923298,S,59.48,F,N,No,,,4C0D792BFC5A7BB4914E0C9799C13F09468E6685EBBA272762E9E1811EAC49E7,MU,2,"Yes, School Bus Directly Involved",,,,,1.0,Dry,,,No,,,,,,,,,,,,,,,,,,,,,,,,,,,,,,,,,,POINT (-76.91923298 39.010652983)
47136,Prince George's,Injury Crashes,DA2910002Q,Prince George's County Police,Other,Principal Arterial – Other,Yes,No,No,No,BALTIMORE AVE,1.0,UNITED STATE ROUTE,No,True,No,7/13/2024,7/13/2024,17,PGCOPD,98,16,2,No,,Point,17:54,2024,Saturday,12,Motor Vehicle In Transport,5,On Roadway,3.0,,,,,,9.0,Through Roadway,39.010660062,1,Daylight,2024-07-13,-76.928708585,S,38.34,F,N,No,,,B9F46BFC5B519C38ADC5489D8C5AE33B12E0934C29CB32853F2310CFDC29194B,US,1,No,27.0,Curb,9.0,Roadside,1.0,Dry,,,No,,,,,,,,,,,,,,,,,,,,,,,,,,,,,,,,,,POINT (-76.928708585 39.010660062)
20380,Prince George's,Property Damage Crashes,DA40690099,Prince George's County Police,Single Vehicle,,No,No,No,No,,,,No,True,No,7/27/2024,7/27/2024,11,PGCOPD,101,16,3,,,Point,11:30,2024,Saturday,35,"Other Fixed Object (wall, building, tunnel, etc.)",5,On Roadway,,,102.0,Federal,,,,,39.011188981,1,Daylight,2024-07-27,-76.927724158,,,F,N,Yes,102.0,Parking Lot Way,,,1,No,35.0,"Other Fixed Object (wall, building, tunnel, etc.)",2.0,In Parking Lane Or Zone,,,,,No,,,,,,,,,,,,,,,,,,,,,,,,,,,,,,,,,,POINT (-76.927724158 39.011188981)
81553,Prince George's,Property Damage Crashes,DA4268006F,Prince George's County Police,Front to Rear,Local,No,No,No,No,48TH PL,9485.0,MUNICIPAL ROAD,No,True,No,10/20/2024,10/20/2024,7,PGCOPD,3,16,3,No,,Point,07:06,2024,Sunday,15,Parked Vehicle,2,In Parking Lane Or Zone,7.0,,,,,,9.0,Through Roadway,39.011236503,5,Dark - Unknown Lighting,2024-10-20,-76.925362166,N,10.08,F,N,No,,,02D01FA18C71D1AE3BB2CBDEFFA40ACD20B465871AAD239EA526B5DFB3C8761A,MU,1,No,,,,,1.0,Dry,,,No,,,,,,,,,,,,,,,,,,,,,,,,,,,,,,,,,,POINT (-76.925362166 39.011236503)
26556,Prince George's,Property Damage Crashes,DA4050005P,Prince George's County Police,Front to Rear,Principal Arterial – Other,No,No,No,No,BALTIMORE AVE,1.0,UNITED STATE ROUTE,No,True,No,3/24/2024,3/24/2024,15,PGCOPD,3,16,3,No,,Point,15:38,2024,Sunday,12,Motor Vehicle In Transport,5,On Roadway,3.0,,,,,,9.0,Through Roadway,39.011640529,1,Daylight,2024-03-24,-76.928404368,S,40.3,F,N,No,,,B3DF99234A218E9C51BDC2D0CE68780C56C041696E9E88237B16C5FEE3E8F721,US,1,No,,,,,1.0,Dry,,,No,,,,,,,,,,,,,,,,,,,,,,,,,,,,,,,,,,POINT (-76.928404368 39.011640529)
80657,Prince George's,Property Damage Crashes,DA4050005L,Prince George's County Police,Front to Rear,Principal Arterial – Other,No,No,No,No,,1.0,UNITED STATE ROUTE,No,True,No,3/17/2024,3/17/2024,12,PGCOPD,3,16,3,No,,Point,12:45,2024,Sunday,12,Motor Vehicle In Transport,5,On Roadway,3.0,,,,,,9.0,Through Roadway,39.012046871,1,Daylight,2024-03-17,-76.928296705,N,9.15,F,N,No,,,FF4037BBCD5D47E2E74CD966B86A490512FC7EBDF8688C6A7C00912C91DD4402,US,1,No,,,,,1.0,Dry,,,No,,,,,,,,,,,,,,,,,,,,,,,,,,,,,,,,,,POINT (-76.92829670499999 39.012046871)
64721,Prince George's,Injury Crashes,DA3496001R,Prince George's County Police,Rear To Side,Local,No,No,No,No,RHODE ISLAND AVE SERVICE RD,780.0,MUNICIPAL ROAD,No,True,No,9/1/2024,9/1/2024,12,PGCOPD,5,16,2,No,,Point,12:02,2024,Sunday,15,Parked Vehicle,5,On Roadway,7.0,,,,,,9.0,Through Roadway,39.012139044,1,Daylight,2024-09-01,-76.922088809,S,18.96,F,N,No,,,2DE92A64457997FB97F1082A9E42C324E743A0F6BB3756CA0C20804396B88EFE,MU,1,No,30.0,Fence,9.0,Roadside,1.0,Dry,,,No,,,,,,,,,,,,,,,,,,,,,,,,,,,,,,,,,,POINT (-76.922088809 39.012139044)
4584,Prince George's,Property Damage Crashes,DA418100D0,Prince George's County Police,Front to Rear,Principal Arterial – Other,No,No,No,No,BALTIMORE AVE,1.0,UNITED STATE ROUTE,No,True,No,5/10/2024,5/10/2024,14,PGCOPD,3,16,3,No,,Point,14:36,2024,Friday,12,Motor Vehicle In Transport,5,On Roadway,3.0,,,,,,9.0,Through Roadway,39.012553579,1,Daylight,2024-05-10,-76.928183604,E,6.49,F,N,No,,,745578668798C553325BF9A8A34C380B9608F29D84A14619B2DD3B9A9CB7B42D,US,1,No,12.0,Motor Vehicle In Transport,5.0,On Roadway,9.0,Wet,,,No,,,,,,,,,,,,,,,,,,,,,,,,,,,,,,,,,,POINT (-76.928183604 39.012553579)
47551,Prince George's,Property Damage Crashes,DA4069009D,Prince George's County Police,Angle,Local,No,No,No,No,LACKAWANNA ST #1,681.0,MUNICIPAL ROAD,No,True,No,9/3/2024,9/3/2024,20,PGCOPD,1,16,3,Yes,,Point,20:59,2024,Tuesday,12,Motor Vehicle In Transport,5,On Roadway,7.0,,,,47TH PL,,9.0,Through Roadway,39.01277595,3,Dark - Lighted,2024-09-03,-76.927032963,S,10.85,F,N,No,,,9D0B3F6F9CF1567AEC7C278A99087914CB600C248A36B77A3D76CE9BE376D590,MU,1,No,,,,,1.0,Dry,,,No,,,,,,,,,,,,,,,,,,,,,,,,,,,,,,,,,,POINT (-76.927032963 39.01277595)
97884,Prince George's,Property Damage Crashes,DA418100DS,Prince George's County Police,Single Vehicle,Local,No,No,No,No,RHODE ISLAND RD,1090.0,MUNICIPAL ROAD,No,True,No,9/11/2024,9/11/2024,18,PGCOPD,101,16,3,No,,Point,18:58,2024,Wednesday,36,"Other Post, Pole, Or Support",5,On Roadway,7.0,,100.0,Local,,,9.0,Through Roadway,39.012901315,1,Daylight,2024-09-11,-76.921500669,N,11.13,F,N,No,,,C2C6069CCF444D773AC0B86A02056762774520A1FB8C9540CD039999DA94CA7B,MU,1,No,,,,,1.0,Dry,,,No,,,,,,,,,,,,,,,,,,,,,,,,,,,,,,,,,,POINT (-76.921500669 39.012901315)
104628,Prince George's,Property Damage Crashes,DA4268005W,Prince George's County Police,Single Vehicle,Principal Arterial – Other,No,No,No,No,BALTIMORE AVE,1.0,UNITED STATE ROUTE,No,True,No,8/1/2024,8/1/2024,22,PGCOPD,101,16,3,No,,Point,22:52,2024,Thursday,13,Other Non-Fixed Object,5,On Roadway,3.0,,,,,,99.0,Unknown,39.013388352,3,Dark - Lighted,2024-08-01,-76.928016023,S,42.47,F,N,No,,,33FC950095509484BCA0C56FD510A5DF360AD3F88E407C49864B9C98EE882975,US,1,No,,,,,1.0,Dry,,,No,,,,,,,,,,,,,,,,,,,,,,,,,,,,,,,,,,POINT (-76.928016023 39.013388352)
104696,Prince George's,Property Damage Crashes,DA418100CR,Prince George's County Police,Other,Principal Arterial – Other,No,No,No,No,,1.0,UNITED STATE ROUTE,No,True,No,4/17/2024,4/17/2024,6,PGCOPD,98,16,3,No,,Point,06:29,2024,Wednesday,12,Motor Vehicle In Transport,5,On Roadway,3.0,,,,,,9.0,Through Roadway,39.013413165,1,Daylight,2024-04-17,-76.927952676,S,18.31,F,N,No,,,139A6AB73E2795B15B3F39128BCE8911E6AD145DF64CC2FBC69E973FF7F0EB3B,US,1,No,12.0,Motor Vehicle In Transport,5.0,On Roadway,1.0,Dry,,,No,,,,,,,,,,,,,,,,,,,,,,,,,,,,,,,,,,POINT (-76.927952676 39.013413165)
89056,Prince George's,Injury Crashes,DA418100DX,Prince George's County Police,Single Vehicle,Principal Arterial – Other,No,No,No,Yes,BALTIMORE AVE,1.0,UNITED STATE ROUTE,No,True,No,10/6/2024,10/6/2024,19,PGCOPD,101,16,2,No,,Point,19:29,2024,Sunday,17,Pedestrian,5,On Roadway,3.0,,,,,,9.0,Through Roadway,39.013722643,4,Dark - Not Lighted,2024-10-06,-76.927795906,S,18.61,F,N,No,,,73D224B63D99A6291F791135B0D481C9E4D0E0E5B6A68EC2C3A7D51C744B1F98,US,1,No,12.0,Motor Vehicle In Transport,5.0,On Roadway,1.0,Dry,,,No,,,,,,,Pedestrian,9a8e947d-c0ef-4fd5-af18-9eebab805406,DA418100DX,101.0,Cross/Enter Not at Intersection,57.0,COLLEGE PARK,9.0,Left,99.0,Unknown,99.0,Unknown,M,1.0,No,3.0,Suspected Minor Injury,7.0,Travel Lane – Other Location,97.0,Not Applicable,MD,ddaa3050-b54e-479b-8bd8-82d624ebdff3,6.0,N,20740,POINT (-76.927795906 39.013722643)
22029,Prince George's,Injury Crashes,DA3496001L,Prince George's County Police,Front to Rear,Principal Arterial – Other,No,No,No,No,BALTIMORE AVE,1.0,UNITED STATE ROUTE,No,True,No,6/23/2024,6/23/2024,11,PGCOPD,3,16,2,No,,Point,11:02,2024,Sunday,12,Motor Vehicle In Transport,5,On Roadway,3.0,,,,,,6.0,Non-Junction,39.013979811,1,Daylight,2024-06-23,-76.927740894,S,10.1,F,N,No,,,5E57F53B85C6640526447795E2AEE07C8DB04D2835D8B8D009D87E6D6A2A5A89,US,1,No,12.0,Motor Vehicle In Transport,5.0,On Roadway,1.0,Dry,,,No,,,,,,,,,,,,,,,,,,,,,,,,,,,,,,,,,,POINT (-76.927740894 39.013979811)
30246,Prince George's,Property Damage Crashes,DA4142006Z,Prince George's County Police,"Sideswipe, Same Direction",Principal Arterial – Other,No,No,No,No,BALTIMORE AVE (SB/L),1.0,UNITED STATE ROUTE,No,True,No,2/9/2024,2/9/2024,17,PGCOPD,7,16,3,No,,Point,17:00,2024,Friday,12,Motor Vehicle In Transport,5,On Roadway,3.0,,,,,,4.0,Entrance/Exit Ramp or Related,39.014264338,1,Daylight,2024-02-09,-76.927840447,S,15.66,F,N,No,,,D55C241B0DCE9EEF66EB1C60CCF2B0EAE4E8A2D3A234658F05745E852E4BD008,US,1,No,,,,,1.0,Dry,,,No,,,,,,,,,,,,,,,,,,,,,,,,,,,,,,,,,,POINT (-76.92784044699999 39.014264338)
107225,Prince George's,Property Damage Crashes,DA378000F2,Prince George's County Police,"Sideswipe, Same Direction",Minor Arterial,No,No,No,No,CHERRY HILL RD,14.0,COUNTY ROAD,No,True,No,6/4/2024,6/4/2024,21,PGCOPD,7,16,3,Yes,3.0,Point,21:00,2024,Tuesday,12,Motor Vehicle In Transport,5,On Roadway,4.0,Perpendicular,,,BALTIMORE AVE (SB/L),3.0,5.0,Intersection or Related,39.014301256,3,Dark - Lighted,2024-06-04,-76.927528231,W,0.0,F,N,No,,,7ED36AF4A2A915AFC0286FCA3994B93CD0F7CFEE2BE0A030BF7EC46E9B039DAA,CO,1,No,97.0,Not Applicable,,,1.0,Dry,1.0,Signalized,No,,,,,,,,,,,,,,,,,,,,,,,,,,,,,,,,,,POINT (-76.927528231 39.014301256)
63919,Prince George's,Property Damage Crashes,DA418100DJ,Prince George's County Police,Other,Principal Arterial – Other,No,Yes,No,No,BALTIMORE AVE (SB/L),1.0,UNITED STATE ROUTE,No,True,No,8/9/2024,8/9/2024,20,PGCOPD,98,16,3,No,,Point,20:33,2024,Friday,12,Motor Vehicle In Transport,5,On Roadway,3.0,,,,,,9.0,Through Roadway,39.014374769,1,Daylight,2024-08-09,-76.927810495,E,13.63,F,N,No,,,BE2092DAB0F41277F12749538C4A4A50D3C1D6CE9F4572D349B310445C7439EA,US,1,No,12.0,Motor Vehicle In Transport,5.0,On Roadway,1.0,Dry,,,No,,,,,,,,,,,,,,,,,,,,,,,,,,,,,,,,,,POINT (-76.927810495 39.014374769)
24595,Prince George's,Property Damage Crashes,DA43320034,Prince George's County Police,Front to Rear,Principal Arterial – Other,No,No,No,No,BALTIMORE AVE (SB/L),1.0,UNITED STATE ROUTE,No,True,No,11/19/2024,11/19/2024,10,PGCOPD,3,16,3,No,,Point,10:00,2024,Tuesday,12,Motor Vehicle In Transport,5,On Roadway,3.0,,,,,,99.0,Unknown,39.014404738,1,Daylight,2024-11-19,-76.927639943,W,36.05,F,N,No,,,BE2092DAB0F41277F12749538C4A4A50D3C1D6CE9F4572D349B310445C7439EA,US,1,No,,,,,1.0,Dry,,,No,,,,,,,,,,,,,,,,,,,,,,,,,,,,,,,,,,POINT (-76.927639943 39.014404738)
66975,Prince George's,Injury Crashes,DA4102007W,Prince George's County Police,"Sideswipe, Opposite Direction",Principal Arterial – Other,No,No,No,No,BALTIMORE AVE (SB/L),1.0,UNITED STATE ROUTE,No,True,No,7/21/2024,7/21/2024,2,PGCOPD,6,16,2,Yes,,Point,02:38,2024,Sunday,12,Motor Vehicle In Transport,5,On Roadway,3.0,,,,,,2.0,Crossover-Related,39.014419646,3,Dark - Lighted,2024-07-21,-76.927800827,S,16.68,F,N,No,,,BE2092DAB0F41277F12749538C4A4A50D3C1D6CE9F4572D349B310445C7439EA,US,1,No,12.0,Motor Vehicle In Transport,5.0,On Roadway,1.0,Dry,,,No,,,,,,,,,,,,,,,,,,,,,,,,,,,,,,,,,,POINT (-76.927800827 39.014419646)
68819,Prince George's,Property Damage Crashes,DA40690095,Prince George's County Police,Front to Rear,Principal Arterial – Other,No,No,No,No,BALTIMORE AVE (SB/L),1.0,UNITED STATE ROUTE,No,True,No,7/9/2024,7/9/2024,17,PGCOPD,3,16,3,Yes,,Point,17:43,2024,Tuesday,12,Motor Vehicle In Transport,5,On Roadway,3.0,,,,,,9.0,Through Roadway,39.014441264,1,Daylight,2024-07-09,-76.927771798,S,20.97,F,N,No,,,BE2092DAB0F41277F12749538C4A4A50D3C1D6CE9F4572D349B310445C7439EA,US,1,No,,,,,1.0,Dry,,,No,,,,,,,,,,,,,,,,,,,,,,,,,,,,,,,,,,POINT (-76.92777179799999 39.014441264)
100194,Prince George's,Property Damage Crashes,DA421200C0,Prince George's County Police,Front to Rear,Principal Arterial – Other,No,No,No,No,BALTIMORE AVE (SB/L),1.0,UNITED STATE ROUTE,No,True,No,4/16/2024,4/16/2024,8,PGCOPD,3,16,3,No,,Point,08:44,2024,Tuesday,12,Motor Vehicle In Transport,5,On Roadway,3.0,,,,,,9.0,Through Roadway,39.014479004,1,Daylight,2024-04-16,-76.927770314,S,34.65,F,N,No,,,BE2092DAB0F41277F12749538C4A4A50D3C1D6CE9F4572D349B310445C7439EA,US,1,No,,,,,1.0,Dry,,,No,,,,,,,,,,,,,,,,,,,,,,,,,,,,,,,,,,POINT (-76.927770314 39.014479004)
2619,Prince George's,Property Damage Crashes,DA40690091,Prince George's County Police,"Sideswipe, Same Direction",Minor Arterial,No,Yes,No,No,CHERRY HILL RD,14.0,COUNTY ROAD,No,True,No,6/10/2024,6/10/2024,9,PGCOPD,7,16,3,Yes,,Point,09:53,2024,Monday,12,Motor Vehicle In Transport,5,On Roadway,4.0,,100.0,Local,,,9.0,Through Roadway,39.014565353,1,Daylight,2024-06-10,-76.928168202,E,38.85,F,N,No,,,031C63A93A55098A030D486EC80720E7C51C9166C406724905AD4CFD6D39EBCE,CO,2,"Yes, School Bus Directly Involved",,,,,1.0,Dry,,,No,,,,,,,,,,,,,,,,,,,,,,,,,,,,,,,,,,POINT (-76.92816820199999 39.014565353)
78620,Prince George's,Injury Crashes,DA4058006Y,Prince George's County Police,Single Vehicle,Principal Arterial – Other,No,No,No,No,BALTIMORE AVE (SB/L),1.0,UNITED STATE ROUTE,No,True,No,8/9/2024,8/9/2024,22,PGCOPD,101,16,2,Unknown,,Point,22:17,2024,Friday,27,Curb,9,Roadside,3.0,,,,,,99.0,Unknown,39.014591736,3,Dark - Lighted,2024-08-09,-76.927806728,E,27.66,F,N,No,,,2F2B6AFB5EC3F2B56B9FE85FDBBA70043A7A4D7E63964ECE7434355F0FACE2AD,US,1,No,97.0,Not Applicable,,,1.0,Dry,,,No,,,,,,,,,,,,,,,,,,,,,,,,,,,,,,,,,,POINT (-76.92780672799999 39.014591736)
91252,Prince George's,Property Damage Crashes,DA405100CZ,Prince George's County Police,"Sideswipe, Same Direction",,No,Yes,No,No,,616.0,SPUR,No,True,No,10/21/2024,10/21/2024,18,PGCOPD,7,16,3,No,,Point,18:59,2024,Monday,12,Motor Vehicle In Transport,5,On Roadway,,,,,,,6.0,Non-Junction,39.014905089,1,Daylight,2024-10-21,-76.927691771,S,11.93,F,N,No,,,A80EF3575C8D9AA04342EDB211169E2473E20FE96461CD7F86CE1C11816D86A7,SP,1,No,,,,,1.0,Dry,,,No,,,,,,,,,,,,,,,,,,,,,,,,,,,,,,,,,,POINT (-76.927691771 39.014905089)
2704,Prince George's,Property Damage Crashes,DA4381001G,Prince George's County Police,"Sideswipe, Same Direction",Minor Arterial,No,No,No,No,CHERRY HILL RD (EB/L),14.0,COUNTY ROAD,Yes,True,No,9/24/2024,9/24/2024,17,PGCOPD,7,16,3,No,,Point,17:30,2024,Tuesday,12,Motor Vehicle In Transport,5,On Roadway,4.0,,,,,,6.0,Non-Junction,39.015141225,1,Daylight,2024-09-24,-76.92893831,N,64.18,F,N,No,,,7E77A5FCF2CAD59D12F098FE78AC3B614EE2F5856C2DF3A15D508E7A9E11BE93,CO,1,No,,,,,9.0,Wet,,,No,,,,,,,,,,,,,,,,,,,,,,,,,,,,,,,,,,POINT (-76.92893831000001 39.015141225)
66981,Prince George's,Property Damage Crashes,DA4069008M,Prince George's County Police,"Sideswipe, Same Direction",Minor Arterial,No,No,No,No,CHERRY HILL RD,14.0,COUNTY ROAD,No,True,No,2/18/2024,2/18/2024,12,PGCOPD,7,16,3,No,,Point,12:44,2024,Sunday,12,Motor Vehicle In Transport,5,On Roadway,4.0,,,,,,9.0,Through Roadway,39.015151824,1,Daylight,2024-02-18,-76.928980437,N,19.46,F,N,No,,,ECCCD24FA67E9BA2BAD66A87B4CD4493B8815A2B9E12B17B5BD9BCAC4DAB81DD,CO,1,No,,,,,1.0,Dry,,,No,,,,,,,,,,,,,,,,,,,,,,,,,,,,,,,,,,POINT (-76.92898043700001 39.015151824)
77896,Prince George's,Property Damage Crashes,DA3438000Y,Prince George's County Police,"Sideswipe, Opposite Direction",Minor Arterial,No,No,No,No,CHERRY HILL RD,14.0,COUNTY ROAD,No,True,No,3/5/2024,3/5/2024,10,PGCOPD,6,16,3,No,,Point,10:04,2024,Tuesday,12,Motor Vehicle In Transport,5,On Roadway,4.0,,,,,,6.0,Non-Junction,39.015319907,1,Daylight,2024-03-05,-76.929239385,N,33.16,F,N,No,,,776916A4C3D7F62649A01348B8FB97E0E155B98991250143DF804362C178DC92,CO,1,No,12.0,Motor Vehicle In Transport,5.0,On Roadway,9.0,Wet,,,No,,,,,,,,,,,,,,,,,,,,,,,,,,,,,,,,,,POINT (-76.929239385 39.015319907)