,Crash County Description,Crash Severity Description,Reportnumber,Agencyname,CollisionImpact Description,FunctionalClass Description,ImpairedCrash,Large Vehicle Involved,Motorcycle Crash,Non-Motorist Crash,RoadName,Route Number,RouteType Description,Unrestrained Occupants,WithinDateRange,Work Zone Related,Crashdate,LOD Crash Date,Crashhour,AgencyCode,CollisionImpact,Crash County,Crash Severity,Crash Within Interchange,CrashInterchangeApproaches,CrashPoint,Crashtime,CrashYear,Dayofweek,FirstHarmEvent,FirstHarmEvent Description,FirstHarmLocation,FirstHarmLocation Description,FunctionalClass,Geometry Description,GovPropertyDamage,GovPropertyDamage Description,IntersectingRoadName,Intersection Geometry,JunctionRelated,JunctionRelated Description,Latitude,Light,Light Description,LOD Date Level,Longitude,MilepointDirection,MilepointDistance,MilepointUnits,NonTrafficFatal,OffRoad,OffroadLocation,OffroadLocation Description,RoadID,RouteType,SchoolBusRelated,SchoolBusRelated Description,SecondHarmEvent,SecondHarmEvent Description,SecondHarmLocation,SecondHarmLocation Description,Surface,Surface Description,TrafficControl,Trafficcontrol Description,Work Zone Crash,WZLawEnforcementPresent,WZLocation,WZLocation Description,WZType,WZType Description,WZWorkersPresent,Type NM Description,PersonID NM,ReportNumber NM,ActionPriorToCrash NM,ActionPriorToCrash NM Description,Age NM,City NM,ContactPoint NM,ContactPoint NM Description,DistractedByAction NM,DistractedByAction NM Description,DistractedBySource,DistractedBySource Description,Gender NM,IncidentResponder NM,IncidentResponder NM Description,InjuryStatus NM,InjuryStatus NM Description,Location NM,Location NM Description,OriginDestination NM,OriginDestination NM Description,State NM,StruckByVehID NM,Type NM,Unknown NM,ZipCode NM,geometry
16339,Prince George's,Injury Crashes,DA4069009N,Prince George's County Police,Single Vehicle,Local,No,No,No,Yes,EDGEWOOD RD,440.0,MUNICIPAL ROAD,No,True,No,11/12/2024,11/12/2024,8,PGCOPD,101,16,2,Yes,2.0,Point,08:19,2024,Tuesday,17,Pedestrian,5,On Roadway,7.0,Roundabout/Traffic Circle,,,,2.0,5.0,Intersection or Related,39.015487627,1,Daylight,2024-11-12,-76.911431348,S,0.0,F,N,No,,,919FF4B847C9BF2C4EF279657C08D5F91510C6544224946B7CC25A23D67D8432,MU,1,No,,,,,1.0,Dry,3.0,Stop - Partial,No,,,,,,,Pedestrian,a23855a4-95d2-458d-88fa-362ca62e609b,DA4069009N,102.0,Standing,67.0,OWINGS MILLS,6.0,Rear,0.0,Not Distracted,,,M,1.0,No,3.0,Suspected Minor Injury,98.0,Other,97.0,Not Applicable,MD,de5cf6d4-38b9-40a3-824b-052af81bcfcb,6.0,N,21117,POINT (-76.91143134799999 39.015487627)
72598,Prince George's,Injury Crashes,DA389000QX,Prince George's County Police,Front to Rear,Minor Arterial,No,No,No,No,CHERRY HILL RD (EB/L),14.0,COUNTY ROAD,No,True,No,8/10/2024,8/10/2024,23,PGCOPD,3,16,2,Yes,,Point,23:20,2024,Saturday,12,Motor Vehicle In Transport,5,On Roadway,4.0,,,,,,4.0,Entrance/Exit Ramp or Related,39.015724201,3,Dark - Lighted,2024-08-10,-76.929842192,N,4.52,F,N,No,,,7B945726DDA51185EA1E7B4DA7EB51C99F501FD2F65E406EDA0403B069849C70,CO,1,No,,,,,1.0,Dry,,,No,,,,,,,,,,,,,,,,,,,,,,,,,,,,,,,,,,POINT (-76.929842192 39.015724201)
1883,Prince George's,Property Damage Crashes,DA37260098,Prince George's County Police,Other,Minor Arterial,No,No,No,No,CHERRY HILL RD (EB/L),14.0,COUNTY ROAD,No,True,No,9/21/2024,9/21/2024,18,PGCOPD,98,16,3,Yes,,Point,18:10,2024,Saturday,12,Motor Vehicle In Transport,5,On Roadway,4.0,,,,,,10.0,"Other Location Not Listed Above Within an Interchange Area (median,
shoulder and roadside)",39.015756609,1,Daylight,2024-09-21,-76.929817493,S,12.14,F,N,No,,,7B945726DDA51185EA1E7B4DA7EB51C99F501FD2F65E406EDA0403B069849C70,CO,1,No,,,,,1.0,Dry,,,No,,,,,,,,,,,,,,,,,,,,,,,,,,,,,,,,,,POINT (-76.929817493 39.015756609)
90745,Prince George's,Property Damage Crashes,MSP757700GK,Maryland State Police,Front to Rear,Principal Arterial – Other,No,No,No,No,BALTIMORE AVE (SB/L),1.0,UNITED STATE ROUTE,No,True,No,12/22/2024,12/22/2024,18,MSP,3,16,3,No,,Point,18:26,2024,Sunday,12,Motor Vehicle In Transport,5,On Roadway,3.0,,,,,,9.0,Through Roadway,39.015840767,3,Dark - Lighted,2024-12-22,-76.927384683,N,12.48,F,N,No,,,8134EDE2E3C158DADAB20D3CA27398B6B677D10E3A952C67ABAFBC052751B32B,US,1,No,97.0,Not Applicable,,,1.0,Dry,,,No,,,,,,,,,,,,,,,,,,,,,,,,,,,,,,,,,,POINT (-76.927384683 39.015840767)
103138,Prince George's,Property Damage Crashes,DA42680064,Prince George's County Police,Front to Rear,,No,No,No,No,RHODE ISLAND AVE (NB/L),171.0,MUNICIPAL ROAD,No,True,No,9/12/2024,9/12/2024,17,PGCOPD,3,16,3,Yes,,Point,17:01,2024,Thursday,12,Motor Vehicle In Transport,5,On Roadway,,,,,,,9.0,Through Roadway,39.015923435,1,Daylight,2024-09-12,-76.920842007,N,40.05,F,N,No,,,5A5BB6C0CDE35985304C8C6A9C81BD5B7AF3FE8520B0EE2AB3BB126E1B2C18D9,MU,1,No,,,,,1.0,Dry,,,No,,,,,,,,,,,,,,,,,,,,,,,,,,,,,,,,,,POINT (-76.920842007 39.015923435)
34393,Prince George's,Property Damage Crashes,DA4069008N,Prince George's County Police,Front to Rear,Principal Arterial – Other,No,No,No,No,BALTIMORE AVE,1.0,UNITED STATE ROUTE,No,True,No,2/27/2024,2/27/2024,18,PGCOPD,3,16,3,Yes,,Point,18:33,2024,Tuesday,12,Motor Vehicle In Transport,5,On Roadway,3.0,,,,EDGEWOOD RD NO NAME,,9.0,Through Roadway,39.015948013,3,Dark - Lighted,2024-02-27,-76.927175139,N,12.4,F,N,No,,,715801E325358DA787957E62EF5DD838B607D070EE8757BBFE9B486CBFC04F0E,US,1,No,,,,,1.0,Dry,,,No,,,,,,,,,,,,,,,,,,,,,,,,,,,,,,,,,,POINT (-76.927175139 39.015948013)
29413,Prince George's,Property Damage Crashes,DA4069008S,Prince George's County Police,"Sideswipe, Opposite Direction",Principal Arterial – Other,No,No,No,No,BALTIMORE AVE,1.0,UNITED STATE ROUTE,No,True,No,4/13/2024,4/13/2024,20,PGCOPD,6,16,3,Yes,,Point,20:44,2024,Saturday,12,Motor Vehicle In Transport,5,On Roadway,3.0,,,,,,9.0,Through Roadway,39.01599157,3,Dark - Lighted,2024-04-13,-76.92715488,N,21.11,F,N,No,,,3390D68E279E0C919034F01D8FC4E5840C7EF964BD4B2901AEFC78385058116A,US,1,No,,,,,1.0,Dry,,,No,,,,,,,,,,,,,,,,,,,,,,,,,,,,,,,,,,POINT (-76.92715488 39.01599157)
20597,Prince George's,Property Damage Crashes,MSP741900CM,Maryland State Police,"Sideswipe, Opposite Direction",Local,No,Yes,No,No,EDGEWOOD RD,440.0,MUNICIPAL ROAD,No,True,No,12/12/2024,12/12/2024,19,MSP,6,16,3,No,,Point,19:10,2024,Thursday,12,Motor Vehicle In Transport,5,On Roadway,7.0,,,,,,6.0,Non-Junction,39.015994827,3,Dark - Lighted,2024-12-12,-76.927065218,E,16.92,F,N,No,,,12BF80AFBF474F5BC7BDB46A77FED8DE4B61788A8BFC5252187973942FE15641,MU,2,"Yes, School Bus Directly Involved",,,,,1.0,Dry,,,No,,,,,,,,,,,,,,,,,,,,,,,,,,,,,,,,,,POINT (-76.927065218 39.015994827)
58208,Prince George's,Property Damage Crashes,MSP78650009,Maryland State Police,Front to Front,Interstate,No,No,No,No,RAMP 6 FR RAMP 10 (FR IS 495) TO US 1 SB,95.0,RAMP,No,True,No,12/12/2024,12/12/2024,8,MSP,2,16,3,Yes,4.0,Point,08:02,2024,Thursday,12,Motor Vehicle In Transport,5,On Roadway,1.0,Angled/Skewed,,,BALTIMORE AVE (SB/L) NO NAME,1.0,5.0,Intersection or Related,39.016025025,1,Daylight,2024-12-12,-76.927265537,N,0.0,F,N,No,,,C05BBB3C534D706FE9EB5A199725A4BE68C86FE5B43FF15DEB3BBCF4EC6AB93B,RP,1,No,,,,,1.0,Dry,1.0,Signalized,No,,,,,,,,,,,,,,,,,,,,,,,,,,,,,,,,,,POINT (-76.927265537 39.016025025)
8518,Prince George's,Injury Crashes,DA4331002S,Prince George's County Police,"Sideswipe, Same Direction",Minor Arterial,No,No,No,No,CHERRY HILL RD,14.0,COUNTY ROAD,Yes,True,No,6/22/2024,6/22/2024,22,PGCOPD,7,16,2,No,,Point,22:15,2024,Saturday,12,Motor Vehicle In Transport,99,Unknown,4.0,,,,,,6.0,Non-Junction,39.016049941,3,Dark - Lighted,2024-06-22,-76.93052499,N,18.28,F,N,No,,,68B0D9ACC7801EFF221E35302EF964E934471BE991BE6C854A8A1047F72A579A,CO,1,No,,,,,1.0,Dry,,,No,,,,,,,,,,,,,,,,,,,,,,,,,,,,,,,,,,POINT (-76.93052499 39.016049941)
94701,Prince George's,Property Damage Crashes,DA4050006D,Prince George's County Police,Angle,,No,No,No,No,NO NAME,1808.0,LOCAL ROAD,No,True,No,10/13/2024,10/13/2024,21,PGCOPD,1,16,3,No,,Point,21:05,2024,Sunday,12,Motor Vehicle In Transport,5,On Roadway,,,,,,,9.0,Through Roadway,39.016064418,3,Dark - Lighted,2024-10-13,-76.927189299,S,26.08,F,N,No,,,21F2EC8AF05E073C3B479716DB0F98ABCADBB877454FCC04526CDE453BC2AF97,LL,1,No,,,,,1.0,Dry,,,No,,,,,,,,,,,,,,,,,,,,,,,,,,,,,,,,,,POINT (-76.92718929900001 39.016064418)
75258,Prince George's,Property Damage Crashes,DA35610042,Prince George's County Police,Front to Rear,Major Collector,No,No,No,No,RHODE ISLAND AVE,171.0,MUNICIPAL ROAD,No,True,No,5/23/2024,5/23/2024,15,PGCOPD,3,16,3,Yes,4.0,Point,15:30,2024,Thursday,12,Motor Vehicle In Transport,5,On Roadway,5.0,Angled/Skewed,,,EDGEWOOD RD (WB/L),1.0,5.0,Intersection or Related,39.016083656,1,Daylight,2024-05-23,-76.920745233,W,0.0,F,N,No,,,F96A475C176E82DB2E5614D555EEC0A19D3DC99404479ED25A0C3615260AFE14,MU,1,No,,,,,1.0,Dry,1.0,Signalized,No,,,,,,,,,,,,,,,,,,,,,,,,,,,,,,,,,,POINT (-76.92074523300001 39.016083656)
50992,Prince George's,Property Damage Crashes,MSP757700D7,Maryland State Police,"Sideswipe, Same Direction",Interstate,No,No,No,No,CAPITAL BELTWAY (SB/L),95.0,INTERSTATE ROUTE,No,True,No,8/25/2024,8/25/2024,23,MSP,7,16,3,No,,Point,23:55,2024,Sunday,12,Motor Vehicle In Transport,5,On Roadway,1.0,,,,,,9.0,Through Roadway,39.016196487,3,Dark - Lighted,2024-08-25,-76.912577026,E,413.4,F,N,No,,,F70FEF0374AA73B1106969C763B44D5A3754651348E8D2AAF8D892EE064583AA,IS,1,No,97.0,Not Applicable,,,1.0,Dry,,,No,,,,,,,,,,,,,,,,,,,,,,,,,,,,,,,,,,POINT (-76.91257702599999 39.016196487)
47679,Prince George's,Property Damage Crashes,MSP5164000T,Maryland State Police,"Sideswipe, Same Direction",Principal Arterial – Other,No,No,No,No,BALTIMORE AVE,1.0,UNITED STATE ROUTE,No,True,No,11/25/2024,11/25/2024,18,MSP,7,16,3,Yes,,Point,18:15,2024,Monday,12,Motor Vehicle In Transport,5,On Roadway,3.0,,,,RAMP 4 FR US 1 NB TO RAMP 10 (TO IS 95),,1.0,Acceleration/Deceleration Lane,39.016247118,3,Dark - Lighted,2024-11-25,-76.927092264,N,53.61,F,N,No,,,CEC35B44DF38D4CA2AAA9089AD6E4DBA6A50C35ED3FF93EDCF9BC69FBB1DDFAE,US,1,No,,,,,1.0,Dry,,,No,,,,,,,,,,,,,,,,,,,,,,,,,,,,,,,,,,POINT (-76.927092264 39.016247118)
56590,Prince George's,Property Damage Crashes,DA4354001J,Prince George's County Police,Front to Rear,,No,No,No,No,,,,No,True,No,6/30/2024,6/30/2024,13,PGCOPD,3,16,3,,,Point,13:47,2024,Sunday,12,Motor Vehicle In Transport,4,"Off-Roadway, Location Unknown",,,,,,,,,39.016299127,1,Daylight,2024-06-30,-76.928869742,,,F,N,Yes,102.0,Parking Lot Way,,,1,No,12.0,Motor Vehicle In Transport,4.0,"Off-Roadway, Location Unknown",,,,,No,,,,,,,,,,,,,,,,,,,,,,,,,,,,,,,,,,POINT (-76.928869742 39.016299127)
16148,Prince George's,Property Damage Crashes,DA4268005X,Prince George's County Police,Unknown,,No,No,No,No,,,,No,True,No,8/5/2024,8/5/2024,18,PGCOPD,99,16,3,,,Point,18:51,2024,Monday,13,Other Non-Fixed Object,99,Unknown,,,100.0,Local,,,,,39.016449425,1,Daylight,2024-08-05,-76.929178297,,,F,N,Yes,102.0,Parking Lot Way,,,1,No,15.0,Parked Vehicle,99.0,Unknown,,,,,No,,,,,,,,,,,,,,,,,,,,,,,,,,,,,,,,,,POINT (-76.92917829700001 39.016449425)
89339,Prince George's,Property Damage Crashes,DA4291003Y,Prince George's County Police,Other,,No,No,No,No,CHERRY HILL RD (EB/L),14.0,COUNTY ROAD,No,True,No,6/22/2024,6/22/2024,22,PGCOPD,98,16,3,Yes,,Point,22:31,2024,Saturday,12,Motor Vehicle In Transport,99,Unknown,,,,,,,9.0,Through Roadway,39.01646106,3,Dark - Lighted,2024-06-22,-76.931824451,N,42.47,F,N,No,,,1AAC19B8E1C354C8E20F4AD3652F8FC57990C644327F37F30DD6413E881AC0AF,CO,1,No,,,,,1.0,Dry,,,No,,,,,,,,,,,,,,,,,,,,,,,,,,,,,,,,,,POINT (-76.931824451 39.01646106)
39634,Prince George's,Property Damage Crashes,MSP693800KG,Maryland State Police,Front to Rear,Interstate,No,No,No,No,RAMP 6 FR RAMP 10 (FR IS 495) TO US 1 SB,95.0,RAMP,No,True,No,7/19/2024,7/19/2024,7,MSP,3,16,3,No,,Point,07:26,2024,Friday,12,Motor Vehicle In Transport,5,On Roadway,1.0,,,,,,6.0,Non-Junction,39.016554358,1,Daylight,2024-07-19,-76.927416617,W,32.9,F,N,No,,,A76C95CAB179551D92A81F5249FB666674E17B503AF4DF91DA71F708EAEDC67A,RP,1,No,97.0,Not Applicable,,,1.0,Dry,,,No,,,,,,,,,,,,,,,,,,,,,,,,,,,,,,,,,,POINT (-76.92741661700001 39.016554358)
24419,Prince George's,Injury Crashes,DA27770032,Prince George's County Police,Front to Front,,No,No,No,No,CHERRY HILL RD (EB/L),14.0,COUNTY ROAD,No,True,No,5/28/2024,5/28/2024,16,PGCOPD,2,16,2,No,2.0,Point,16:44,2024,Tuesday,12,Motor Vehicle In Transport,5,On Roadway,,Perpendicular,,,47TH AVE,3.0,5.0,Intersection or Related,39.016570514,1,Daylight,2024-05-28,-76.932040277,N,0.0,F,N,No,,,EBB0E29F64AE2F7A581E11B756C925FD7CCE567487383328FBE0D1C98FAF1546,CO,1,No,35.0,"Other Fixed Object (wall, building, tunnel, etc.)",7.0,"On Shoulder, Right Side",1.0,Dry,1.0,Signalized,No,,,,,,,,,,,,,,,,,,,,,,,,,,,,,,,,,,POINT (-76.932040277 39.016570514)
50133,Prince George's,Property Damage Crashes,DA42970037,Prince George's County Police,"Sideswipe, Same Direction",Minor Arterial,No,No,No,No,CHERRY HILL RD,14.0,COUNTY ROAD,No,True,No,9/25/2024,9/25/2024,14,PGCOPD,7,16,3,No,,Point,14:01,2024,Wednesday,12,Motor Vehicle In Transport,2,In Parking Lane Or Zone,4.0,,,,47TH AVE,,99.0,Unknown,39.016576253,1,Daylight,2024-09-25,-76.93200521,N,7.42,F,N,No,,,7CA074FDC6494E164278D499593D5A3665BA8C9B3C985E5456C7748F15125E4E,CO,1,No,,,,,99.0,Unknown,,,No,,,,,,,,,,,,,,,,,,,,,,,,,,,,,,,,,,POINT (-76.93200521 39.016576253)
9226,Prince George's,Property Damage Crashes,DA43810007,Prince George's County Police,Front to Rear,Interstate,No,No,No,No,RAMP 6 FR RAMP 10 (FR IS 495) TO US 1 SB,95.0,RAMP,Yes,True,No,3/7/2024,3/7/2024,13,PGCOPD,3,16,3,No,,Point,13:35,2024,Thursday,12,Motor Vehicle In Transport,7,"On Shoulder, Right Side",1.0,,,,,,9.0,Through Roadway,39.016623222,1,Daylight,2024-03-07,-76.927558979,E,14.69,F,N,No,,,A76C95CAB179551D92A81F5249FB666674E17B503AF4DF91DA71F708EAEDC67A,RP,1,No,,,,,1.0,Dry,,,No,,,,,,,,,,,,,,,,,,,,,,,,,,,,,,,,,,POINT (-76.927558979 39.016623222)
25870,Prince George's,Property Damage Crashes,MSP7552006Q,Maryland State Police,Front to Rear,Principal Arterial – Other,Yes,No,No,No,BALTIMORE AVE (SB/L),1.0,UNITED STATE ROUTE,No,True,No,8/17/2024,8/17/2024,0,MSP,3,16,3,No,,Point,00:45,2024,Saturday,12,Motor Vehicle In Transport,5,On Roadway,3.0,,,,,,6.0,Non-Junction,39.0166365,3,Dark - Lighted,2024-08-17,-76.9272115,S,29.38,F,N,No,,,9EB35691E72FA9A7F93CB90DC36E7F09CE2166E047FCA3CD44D24EF99287F77C,US,1,No,,,,,1.0,Dry,,,No,,,,,,,,,,,,,,,,,,,,,,,,,,,,,,,,,,POINT (-76.9272115 39.0166365)
74597,Prince George's,Property Damage Crashes,DA3496001T,Prince George's County Police,Front to Rear,,No,No,No,No,CHERRY HILL RD (EB/L),14.0,COUNTY ROAD,No,True,No,9/13/2024,9/13/2024,19,PGCOPD,3,16,3,No,,Point,19:34,2024,Friday,12,Motor Vehicle In Transport,5,On Roadway,,,,,,,9.0,Through Roadway,39.016747904,3,Dark - Lighted,2024-09-13,-76.932589658,N,18.87,F,N,No,,,FED9A8A26018F8187F6325A29F4ED5C3F4F28B12B5BF11CE50B17BC549A9267B,CO,1,No,12.0,Motor Vehicle In Transport,5.0,On Roadway,1.0,Dry,,,No,,,,,,,,,,,,,,,,,,,,,,,,,,,,,,,,,,POINT (-76.932589658 39.016747904)
60006,Prince George's,Property Damage Crashes,MSP7552006G,Maryland State Police,Front to Rear,Principal Arterial – Other,No,No,No,No,BALTIMORE AVE (SB/L),1.0,UNITED STATE ROUTE,No,True,No,7/30/2024,7/30/2024,7,MSP,3,16,3,No,,Point,07:24,2024,Tuesday,12,Motor Vehicle In Transport,5,On Roadway,3.0,,,,,,6.0,Non-Junction,39.016795167,1,Daylight,2024-07-30,-76.927052833,S,22.75,F,N,No,,,14B0E569912CA5D0C792A8CDB2B4E98984144D0B8BD0305837CD32A63AFA1486,US,1,No,,,,,1.0,Dry,,,No,,,,,,,,,,,,,,,,,,,,,,,,,,,,,,,,,,POINT (-76.927052833 39.016795167)
55446,Prince George's,Property Damage Crashes,MSP7514005P,Maryland State Police,Front to Rear,Interstate,No,No,Yes,No,RAMP 6 FR RAMP 10 (FR IS 495) TO US 1 SB,95.0,RAMP,No,True,No,9/21/2024,9/21/2024,15,MSP,3,16,3,No,,Point,15:00,2024,Saturday,12,Motor Vehicle In Transport,5,On Roadway,1.0,,,,,,6.0,Non-Junction,39.016901667,1,Daylight,2024-09-21,-76.927846667,E,22.71,F,N,No,,,E25A37C73F49D7FAD657B40142270771D4A292110AC911EA76277D3B1BDA0CD4,RP,1,No,,,,,1.0,Dry,,,No,,,,,,,,,,,,,,,,,,,,,,,,,,,,,,,,,,POINT (-76.927846667 39.016901667)
34632,Prince George's,Injury Crashes,DA4069009S,Prince George's County Police,Front to Rear,,No,No,No,No,RHODE ISLAND AVE (NB/L),171.0,MUNICIPAL ROAD,No,True,No,12/10/2024,12/10/2024,17,PGCOPD,3,16,2,No,,Point,17:16,2024,Tuesday,12,Motor Vehicle In Transport,5,On Roadway,,,,,,,9.0,Through Roadway,39.016978787,3,Dark - Lighted,2024-12-10,-76.920555198,N,8.65,F,N,No,,,54CCBCE36922F32EAEEEAD82D3CDC9DEF39C1F10480452B296424E082DA69553,MU,1,No,,,,,9.0,Wet,,,No,,,,,,,,,,,,,,,,,,,,,,,,,,,,,,,,,,POINT (-76.920555198 39.016978787)
92577,Prince George's,Property Damage Crashes,MSP7552005Y,Maryland State Police,Single Vehicle,Interstate,No,No,No,No,RAMP 6 FR RAMP 10 (FR IS 495) TO US 1 SB,95.0,RAMP,No,True,No,6/28/2024,6/28/2024,2,MSP,101,16,3,Yes,,Point,02:49,2024,Friday,28,Ditch,9,Roadside,1.0,,,,,,4.0,Entrance/Exit Ramp or Related,39.016990333,3,Dark - Lighted,2024-06-28,-76.927906167,N,9.4,F,N,No,,,B6CE242911AC916EC19059EB568FB33672BBFD09A072FF1C8B9F3EC5FD3B182C,RP,1,No,,,,,1.0,Dry,,,No,,,,,,,,,,,,,,,,,,,,,,,,,,,,,,,,,,POINT (-76.927906167 39.016990333)
77987,Prince George's,Property Damage Crashes,MSP7577009K,Maryland State Police,Front to Rear,Interstate,No,No,No,No,RAMP 6 FR RAMP 10 (FR IS 495) TO US 1 SB,95.0,RAMP,No,True,No,4/9/2024,4/9/2024,11,MSP,3,16,3,No,,Point,11:08,2024,Tuesday,12,Motor Vehicle In Transport,5,On Roadway,1.0,,,,,,4.0,Entrance/Exit Ramp or Related,39.017026533,1,Daylight,2024-04-09,-76.928013117,E,24.74,F,N,No,,,B6CE242911AC916EC19059EB568FB33672BBFD09A072FF1C8B9F3EC5FD3B182C,RP,1,No,97.0,Not Applicable,,,1.0,Dry,,,No,,,,,,,,,,,,,,,,,,,,,,,,,,,,,,,,,,POINT (-76.92801311700001 39.017026533)
8901,Prince George's,Property Damage Crashes,MSP7419009K,Maryland State Police,Front to Rear,Interstate,No,No,No,No,CAPITAL BELTWAY (SB/L),95.0,INTERSTATE ROUTE,No,True,No,9/26/2024,9/26/2024,19,MSP,3,16,3,No,,Point,19:14,2024,Thursday,12,Motor Vehicle In Transport,5,On Roadway,1.0,,,,,,6.0,Non-Junction,39.01735,3,Dark - Lighted,2024-09-26,-76.912776667,N,36.42,F,N,No,,,C7DFD98FD65AA194C49A16C37E4E2B868E4202F8A738E4D3D75C220A2D872593,IS,1,No,,,,,9.0,Wet,,,No,,,,,,,,,,,,,,,,,,,,,,,,,,,,,,,,,,POINT (-76.912776667 39.01735)
45047,Prince George's,Property Damage Crashes,MSP732800J3,Maryland State Police,Front to Rear,Interstate,No,No,No,No,CAPITAL BELTWAY (SB/L),95.0,INTERSTATE ROUTE,No,True,No,12/14/2024,12/14/2024,17,MSP,3,16,3,No,,Point,17:55,2024,Saturday,12,Motor Vehicle In Transport,5,On Roadway,1.0,,,,,,6.0,Non-Junction,39.017381514,4,Dark - Not Lighted,2024-12-14,-76.912908754,N,47.48,F,N,No,,,72AC52A93968554C0B1A4BDD068DD99F58E1E2912517F9AAE6201953C629DA8C,IS,1,No,,,,,1.0,Dry,,,No,,,,,,,,,,,,,,,,,,,,,,,,,,,,,,,,,,POINT (-76.912908754 39.017381514)
66284,Prince George's,Property Damage Crashes,DA4050006G,Prince George's County Police,Front to Front,Local,No,No,No,No,NIAGARA RD #1,910.0,MUNICIPAL ROAD,No,True,No,11/5/2024,11/5/2024,7,PGCOPD,2,16,3,No,,Point,07:30,2024,Tuesday,15,Parked Vehicle,5,On Roadway,7.0,,,,,,9.0,Through Roadway,39.017460618,1,Daylight,2024-11-05,-76.919772031,E,11.95,F,N,No,,,C478B97A87B55959BA6C1A18C0D73CAAED21165478079B1A70E180BEFB1B90C5,MU,1,No,,,,,1.0,Dry,,,No,,,,,,,,,,,,,,,,,,,,,,,,,,,,,,,,,,POINT (-76.91977203099999 39.017460618)
71603,Prince George's,Property Damage Crashes,DA3625002R,Prince George's County Police,Single Vehicle,Local,No,No,No,No,RHODE ISLAND AVE #2,1072.0,MUNICIPAL ROAD,No,True,No,6/8/2024,6/8/2024,1,PGCOPD,101,16,3,Yes,,Point,01:55,2024,Saturday,29,Embankment,9,Roadside,7.0,,,,NO NAME,,9.0,Through Roadway,39.017602647,3,Dark - Lighted,2024-06-08,-76.920121663,W,47.9,F,N,No,,,BEFD5F681E9312AA2A9D159EDBA356584E27B70BC394394E39E98D683396BA95,MU,1,No,36.0,"Other Post, Pole, Or Support",4.0,"Off-Roadway, Location Unknown",98.0,Other,,,No,,,,,,,,,,,,,,,,,,,,,,,,,,,,,,,,,,POINT (-76.920121663 39.017602647)
103703,Prince George's,Property Damage Crashes,MSP7419007L,Maryland State Police,"Sideswipe, Same Direction",Interstate,No,No,No,No,CAPITAL BELTWAY,95.0,INTERSTATE ROUTE,No,True,No,4/22/2024,4/22/2024,9,MSP,7,16,3,No,,Point,09:17,2024,Monday,12,Motor Vehicle In Transport,5,On Roadway,1.0,,,,,,6.0,Non-Junction,39.0176252,1,Daylight,2024-04-22,-76.912761146,W,4.8,F,N,No,,,5918CA158048854AD64FA5EDE5E04EEF05CE6B98BD786103A957C657BEB7C8A3,IS,1,No,,,,,1.0,Dry,,,No,,,,,,,,,,,,,,,,,,,,,,,,,,,,,,,,,,POINT (-76.91276114599999 39.0176252)
88826,Prince George's,Property Damage Crashes,MSP7778002S,Maryland State Police,"Sideswipe, Same Direction",Interstate,No,Yes,No,No,CAPITAL BELTWAY (SB/L),95.0,INTERSTATE ROUTE,No,True,No,7/18/2024,7/18/2024,15,MSP,7,16,3,No,,Point,15:57,2024,Thursday,12,Motor Vehicle In Transport,5,On Roadway,1.0,,,,,,9.0,Through Roadway,39.017654594,1,Daylight,2024-07-18,-76.913563939,W,78.69,F,N,No,,,00F4916DDA060013A982B6182D04E7C38CC1A512BFB7060509033E42E452986F,IS,1,No,,,,,1.0,Dry,,,No,,,,,,,,,,,,,,,,,,,,,,,,,,,,,,,,,,POINT (-76.913563939 39.017654594)
67819,Prince George's,Property Damage Crashes,DA3495005K,Prince George's County Police,Front to Rear,Local,No,No,No,No,RHODE ISLAND AVE #2,1072.0,MUNICIPAL ROAD,Yes,True,No,4/10/2024,4/10/2024,15,PGCOPD,3,16,3,No,,Point,15:26,2024,Wednesday,12,Motor Vehicle In Transport,5,On Roadway,7.0,,,,,,6.0,Non-Junction,39.017681793,1,Daylight,2024-04-10,-76.920299353,E,18.28,F,N,No,,,A605C054898971B9A0A86A7E701124AFB2963960FBC106FB2FA8F45F0C10DBBC,MU,1,No,,,,,1.0,Dry,,,No,,,,,,,,,,,,,,,,,,,,,,,,,,,,,,,,,,POINT (-76.920299353 39.017681793)
33690,Prince George's,Injury Crashes,DA4069008X,Prince George's County Police,Single Vehicle,Major Collector,No,No,No,No,RHODE ISLAND AVE,171.0,MUNICIPAL ROAD,No,True,No,5/7/2024,5/7/2024,23,PGCOPD,101,16,2,No,,Point,23:55,2024,Tuesday,31,Guardrail End Terminal,9,Roadside,5.0,,,,,,9.0,Through Roadway,39.017706777,3,Dark - Lighted,2024-05-07,-76.92035263,N,23.04,F,N,No,,,0DF767B6F3FC0CDC3634B2F506D4F88D88075E326EE388BA95CDB7EF049A543D,MU,1,No,,,,,1.0,Dry,,,No,,,,,,,,,,,,,,,,,,,,,,,,,,,,,,,,,,POINT (-76.92035263 39.017706777)
5414,Prince George's,Property Damage Crashes,MSP745000BM,Maryland State Police,Single Vehicle,Interstate,No,No,No,No,CAPITAL BELTWAY,95.0,INTERSTATE ROUTE,No,True,No,4/2/2024,4/2/2024,5,MSP,101,16,3,No,,Point,05:42,2024,Tuesday,32,Guardrail Face,6,"On Shoulder, Left Side",1.0,,101.0,State,,,9.0,Through Roadway,39.017873333,4,Dark - Not Lighted,2024-04-02,-76.913615,N,11.35,F,N,No,,,083A6505809DEC5896BDC5BC908EF80EBBF1659A3835E3770EA85E5883021296,IS,1,No,97.0,Not Applicable,,,9.0,Wet,,,No,,,,,,,,,,,,,,,,,,,,,,,,,,,,,,,,,,POINT (-76.91361499999999 39.017873333)