,Crash County Description,Crash Severity Description,Reportnumber,Agencyname,CollisionImpact Description,FunctionalClass Description,ImpairedCrash,Large Vehicle Involved,Motorcycle Crash,Non-Motorist Crash,RoadName,Route Number,RouteType Description,Unrestrained Occupants,WithinDateRange,Work Zone Related,Crashdate,LOD Crash Date,Crashhour,AgencyCode,CollisionImpact,Crash County,Crash Severity,Crash Within Interchange,CrashInterchangeApproaches,CrashPoint,Crashtime,CrashYear,Dayofweek,FirstHarmEvent,FirstHarmEvent Description,FirstHarmLocation,FirstHarmLocation Description,FunctionalClass,Geometry Description,GovPropertyDamage,GovPropertyDamage Description,IntersectingRoadName,Intersection Geometry,JunctionRelated,JunctionRelated Description,Latitude,Light,Light Description,LOD Date Level,Longitude,MilepointDirection,MilepointDistance,MilepointUnits,NonTrafficFatal,OffRoad,OffroadLocation,OffroadLocation Description,RoadID,RouteType,SchoolBusRelated,SchoolBusRelated Description,SecondHarmEvent,SecondHarmEvent Description,SecondHarmLocation,SecondHarmLocation Description,Surface,Surface Description,TrafficControl,Trafficcontrol Description,Work Zone Crash,WZLawEnforcementPresent,WZLocation,WZLocation Description,WZType,WZType Description,WZWorkersPresent,Type NM Description,PersonID NM,ReportNumber NM,ActionPriorToCrash NM,ActionPriorToCrash NM Description,Age NM,City NM,ContactPoint NM,ContactPoint NM Description,DistractedByAction NM,DistractedByAction NM Description,DistractedBySource,DistractedBySource Description,Gender NM,IncidentResponder NM,IncidentResponder NM Description,InjuryStatus NM,InjuryStatus NM Description,Location NM,Location NM Description,OriginDestination NM,OriginDestination NM Description,State NM,StruckByVehID NM,Type NM,Unknown NM,ZipCode NM,geometry
62499,Prince George's,Injury Crashes,MSP743900GZ,Maryland State Police,"Sideswipe, Same Direction",Interstate,No,Yes,No,No,CAPITAL BELTWAY,95.0,INTERSTATE ROUTE,Yes,True,No,7/7/2024,7/7/2024,15,MSP,7,16,2,No,,Point,15:59,2024,Sunday,12,Motor Vehicle In Transport,5,On Roadway,1.0,,101.0,State,,,4.0,Entrance/Exit Ramp or Related,39.018721995,1,Daylight,2024-07-07,-76.926925085,S,99.14,F,N,No,,,CC41B96C0BDBBC92E5D90A653A3F11BCC911BE6C3A47DF0BE3A1A60D22B8E73B,IS,1,No,25.0,Concrete Traffic Barrier,9.0,Roadside,1.0,Dry,,,No,,,,,,,,,,,,,,,,,,,,,,,,,,,,,,,,,,POINT (-76.92692508499999 39.018721995)
45494,Prince George's,Property Damage Crashes,MSP743900HK,Maryland State Police,Front to Rear,Interstate,No,No,No,No,CAPITAL BELTWAY,95.0,INTERSTATE ROUTE,No,True,No,8/27/2024,8/27/2024,14,MSP,3,16,3,No,,Point,14:27,2024,Tuesday,12,Motor Vehicle In Transport,5,On Roadway,1.0,,,,,,9.0,Through Roadway,39.018723333,1,Daylight,2024-08-27,-76.927771667,S,59.26,F,N,No,,,D6A5A7B11CCFFB71DF38FE8789799D0231F844E87F15EF16F2B56E9298AF6843,IS,1,No,,,,,1.0,Dry,,,No,,,,,,,,,,,,,,,,,,,,,,,,,,,,,,,,,,POINT (-76.927771667 39.018723333)
1603,Prince George's,Injury Crashes,MSP7514004X,Maryland State Police,Other,Interstate,No,No,No,No,CAPITAL BELTWAY,95.0,INTERSTATE ROUTE,No,True,No,6/30/2024,6/30/2024,11,MSP,98,16,2,No,,Point,11:31,2024,Sunday,12,Motor Vehicle In Transport,5,On Roadway,1.0,,,,,,6.0,Non-Junction,39.018728814,1,Daylight,2024-06-30,-76.918479408,S,30.77,F,N,No,,,5A985DFBCDF48A402D467F2D68E83EAACAD006EBBDFABEC9DBCF1D8ADBBD1B0C,IS,1,No,,,,,1.0,Dry,,,No,,,,,,,,,,,,,,,,,,,,,,,,,,,,,,,,,,POINT (-76.918479408 39.018728814)
73522,Prince George's,Property Damage Crashes,MSP743900G4,Maryland State Police,Front to Rear,Interstate,No,No,No,No,CAPITAL BELTWAY,95.0,INTERSTATE ROUTE,No,True,No,5/4/2024,5/4/2024,23,MSP,3,16,3,No,,Point,23:14,2024,Saturday,12,Motor Vehicle In Transport,5,On Roadway,1.0,,,,,,9.0,Through Roadway,39.018738152,4,Dark - Not Lighted,2024-05-04,-76.928495263,W,24.86,F,N,No,,,E2096898DC86205E0260EB14D283DABA5FD543B23AB877258844333BB3E8287C,IS,1,No,,,,,9.0,Wet,,,No,,,,,,,,,,,,,,,,,,,,,,,,,,,,,,,,,,POINT (-76.928495263 39.018738152)
63407,Prince George's,Injury Crashes,MSP7778001Y,Maryland State Police,Front to Rear,Principal Arterial – Other,No,No,No,No,BALTIMORE AVE (SB/L),1.0,UNITED STATE ROUTE,No,True,No,6/23/2024,6/23/2024,14,MSP,3,16,2,No,,Point,14:18,2024,Sunday,12,Motor Vehicle In Transport,5,On Roadway,3.0,,,,,,9.0,Through Roadway,39.018771817,1,Daylight,2024-06-23,-76.926526933,N,36.37,F,N,No,,,773AF640BCF17C17C719FFEAFE49141401A6AC93D541E24FA93F4DCFC908FEBA,US,1,No,,,,,1.0,Dry,,,No,,,,,,,,,,,,,,,,,,,,,,,,,,,,,,,,,,POINT (-76.92652693300001 39.018771817)
18947,Prince George's,Property Damage Crashes,MSP657700DC,Maryland State Police,Single Vehicle,Interstate,Yes,No,No,No,RAMP 7 FR IS 95 WB TO US 1 SB,95.0,RAMP,No,True,No,11/24/2024,11/24/2024,22,MSP,101,16,3,No,,Point,22:52,2024,Sunday,32,Guardrail Face,6,"On Shoulder, Left Side",1.0,,101.0,State,,,4.0,Entrance/Exit Ramp or Related,39.018791877,3,Dark - Lighted,2024-11-24,-76.924146464,S,9.96,F,N,No,,,F073EB7631E32934C206EFD37CA5F4813B2F4AEF14EDBD567985ED17EDB2C58A,RP,1,No,,,,,1.0,Dry,,,No,,,,,,,,,,,,,,,,,,,,,,,,,,,,,,,,,,POINT (-76.924146464 39.018791877)
37584,Prince George's,Property Damage Crashes,MSP77780062,Maryland State Police,Single Vehicle,Principal Arterial – Other,Yes,No,No,No,BALTIMORE AVE,1.0,UNITED STATE ROUTE,No,True,No,11/22/2024,11/22/2024,23,MSP,101,16,3,No,,Point,23:08,2024,Friday,25,Concrete Traffic Barrier,9,Roadside,3.0,,,,,,9.0,Through Roadway,39.018830358,4,Dark - Not Lighted,2024-11-22,-76.926299405,N,18.06,F,N,No,,,7D042E5F492C45FF85EA88169044BD8EA57EA4CF4C28519E62A2EC52D3F34EC6,US,1,No,,,,,1.0,Dry,,,No,,,,,,,,,,,,,,,,,,,,,,,,,,,,,,,,,,POINT (-76.92629940499999 39.018830358)
52827,Prince George's,Injury Crashes,MSP7395005X,Maryland State Police,Front to Rear,Interstate,No,No,No,No,CAPITAL BELTWAY,95.0,INTERSTATE ROUTE,No,True,No,8/6/2024,8/6/2024,7,MSP,3,16,2,No,,Point,07:26,2024,Tuesday,12,Motor Vehicle In Transport,5,On Roadway,1.0,,,,,,6.0,Non-Junction,39.018853392,1,Daylight,2024-08-06,-76.929730342,N,38.35,F,N,No,,,2D9AED4173B08D4CC110973261BF90FEF8F8D905330FC6DF8FCC07D6F0ECEDCA,IS,1,No,,,,,1.0,Dry,,,No,,,,,,,,,,,,,,,,,,,,,,,,,,,,,,,,,,POINT (-76.929730342 39.018853392)
2987,Prince George's,Injury Crashes,MSP77640004,Maryland State Police,Front to Rear,Principal Arterial – Other,No,No,No,No,BALTIMORE AVE,1.0,UNITED STATE ROUTE,No,True,No,4/20/2024,4/20/2024,11,MSP,3,16,2,No,,Point,11:01,2024,Saturday,12,Motor Vehicle In Transport,5,On Roadway,3.0,,,,,,6.0,Non-Junction,39.018887267,1,Daylight,2024-04-20,-76.926337583,E,14.68,F,N,No,,,7D042E5F492C45FF85EA88169044BD8EA57EA4CF4C28519E62A2EC52D3F34EC6,US,1,No,,,,,1.0,Dry,,,No,,,,,,,,,,,,,,,,,,,,,,,,,,,,,,,,,,POINT (-76.92633758300001 39.018887267)
28450,Prince George's,Property Damage Crashes,MSP76810041,Maryland State Police,Front to Rear,Interstate,No,No,No,No,CAPITAL BELTWAY (SB/L),95.0,INTERSTATE ROUTE,No,True,No,1/30/2024,1/30/2024,16,MSP,3,16,3,No,,Point,16:02,2024,Tuesday,12,Motor Vehicle In Transport,5,On Roadway,1.0,,,,,,9.0,Through Roadway,39.018988383,1,Daylight,2024-01-30,-76.930587366,W,40.1,F,N,No,,,F6B076E35DFFFF32BD063765A7BFC126578E46206A066AD3AE2AD34675D75C50,IS,1,No,,,,,1.0,Dry,,,No,,,,,,,,,,,,,,,,,,,,,,,,,,,,,,,,,,POINT (-76.930587366 39.018988383)
32304,Prince George's,Property Damage Crashes,MSP75140063,Maryland State Police,Front to Rear,Principal Arterial – Other,No,No,No,No,BALTIMORE AVE (SB/L),1.0,UNITED STATE ROUTE,No,True,No,10/11/2024,10/11/2024,7,MSP,3,16,3,No,,Point,07:06,2024,Friday,12,Motor Vehicle In Transport,5,On Roadway,3.0,,,,,,6.0,Non-Junction,39.019014166,1,Daylight,2024-10-11,-76.92643,N,60.75,F,N,No,,,B3CE5DADB206512BB22ACE463F8B7358603F18FA5DF4F968C8B2D00F3CC12744,US,1,No,,,,,1.0,Dry,,,No,,,,,,,,,,,,,,,,,,,,,,,,,,,,,,,,,,POINT (-76.92643 39.019014166)
42481,Prince George's,Property Damage Crashes,MSP7577009M,Maryland State Police,"Sideswipe, Same Direction",Interstate,No,No,No,No,CAPITAL BELTWAY (SB/L),95.0,INTERSTATE ROUTE,No,True,No,4/13/2024,4/13/2024,22,MSP,7,16,3,No,,Point,22:27,2024,Saturday,12,Motor Vehicle In Transport,5,On Roadway,1.0,,,,,,9.0,Through Roadway,39.01903945,3,Dark - Lighted,2024-04-13,-76.930569333,S,25.17,F,N,No,,,F33295D214844D8EA191D998F2275627E74BEF5EDC1B9CE1E0DF41383C909CB2,IS,1,No,12.0,Motor Vehicle In Transport,5.0,On Roadway,1.0,Dry,,,No,,,,,,,,,,,,,,,,,,,,,,,,,,,,,,,,,,POINT (-76.93056933299999 39.01903945)
106875,Prince George's,Property Damage Crashes,MSP657700DH,Maryland State Police,Front to Rear,Principal Arterial – Other,No,No,No,No,BALTIMORE AVE,1.0,UNITED STATE ROUTE,No,True,No,12/9/2024,12/9/2024,19,MSP,3,16,3,No,,Point,19:00,2024,Monday,12,Motor Vehicle In Transport,5,On Roadway,3.0,,,,,,6.0,Non-Junction,39.019281667,3,Dark - Lighted,2024-12-09,-76.926101667,W,17.64,F,N,No,,,B0EA7AE8D4DF884018AA693E3791E82EC1333C034FBF623AE94413421D31966B,US,1,No,12.0,Motor Vehicle In Transport,5.0,On Roadway,1.0,Dry,,,No,,,,,,,,,,,,,,,,,,,,,,,,,,,,,,,,,,POINT (-76.926101667 39.019281667)
73803,Prince George's,Property Damage Crashes,MSP7764005H,Maryland State Police,Front to Rear,Principal Arterial – Other,No,No,No,No,BALTIMORE AVE,1.0,UNITED STATE ROUTE,No,True,No,11/14/2024,11/14/2024,17,MSP,3,16,3,No,,Point,17:26,2024,Thursday,12,Motor Vehicle In Transport,5,On Roadway,3.0,,,,,,6.0,Non-Junction,39.019488165,3,Dark - Lighted,2024-11-14,-76.926145558,S,15.75,F,N,No,,,C56FF9CDE54637797F7745F3EA3A4B16BDD727657563976829ABDA700B752E2A,US,1,No,,,,,9.0,Wet,,,No,,,,,,,,,,,,,,,,,,,,,,,,,,,,,,,,,,POINT (-76.926145558 39.019488165)
51933,Prince George's,Injury Crashes,MSP77780039,Maryland State Police,"Sideswipe, Same Direction",Principal Arterial – Other,No,No,No,No,BALTIMORE AVE,1.0,UNITED STATE ROUTE,No,True,No,8/3/2024,8/3/2024,11,MSP,7,16,2,No,,Point,11:24,2024,Saturday,12,Motor Vehicle In Transport,5,On Roadway,3.0,,,,,,9.0,Through Roadway,39.019509162,1,Daylight,2024-08-03,-76.926074409,N,19.62,F,N,No,,,628BE673B9F68CDBBE7089B300774DCD50BB3400BFC85256063A33D9FE6A0CCB,US,1,No,,,,,1.0,Dry,,,No,,,,,,,,,,,,,,,,,,,,,,,,,,,,,,,,,,POINT (-76.92607440899999 39.019509162)
83317,Prince George's,Property Damage Crashes,MSP743900GR,Maryland State Police,Angle,,No,No,No,No,,594.0,PRIVATE ROAD,No,True,No,6/15/2024,6/15/2024,16,MSP,1,16,3,No,4.0,Point,16:18,2024,Saturday,12,Motor Vehicle In Transport,5,On Roadway,,Perpendicular,,,BALTIMORE AVE (SB/L) RAMP 7 FR IS 95 WB TO US 1 SB,3.0,5.0,Intersection or Related,39.019605993,1,Daylight,2024-06-15,-76.926103605,N,0.0,F,N,No,,,6AA8E45F676E38C6F11692F4A7DCFFA00C0AD487DE02C9C38BB9EF0DF252A7C1,PV,1,No,,,,,1.0,Dry,1.0,Signalized,No,,,,,,,,,,,,,,,,,,,,,,,,,,,,,,,,,,POINT (-76.92610360499999 39.019605993)
11018,Prince George's,Property Damage Crashes,MSP757700DD,Maryland State Police,"Sideswipe, Same Direction",Interstate,No,No,No,No,RAMP 7 FR IS 95 WB TO US 1 SB,95.0,RAMP,No,True,No,9/3/2024,9/3/2024,9,MSP,7,16,3,Yes,,Point,09:47,2024,Tuesday,12,Motor Vehicle In Transport,5,On Roadway,1.0,,,,,,9.0,Through Roadway,39.01963272,1,Daylight,2024-09-03,-76.925819597,W,36.21,F,N,No,,,1E8906ABE720D9BCE8F111BA5F29F31AF5E6C58C3DEA5AA5AE406060103D651A,RP,1,No,97.0,Not Applicable,,,1.0,Dry,,,No,,,,,,,,,,,,,,,,,,,,,,,,,,,,,,,,,,POINT (-76.925819597 39.01963272)
29409,Prince George's,Property Damage Crashes,DA3495005N,Prince George's County Police,Front to Front,Principal Arterial – Other,No,No,No,No,BALTIMORE AVE,1.0,UNITED STATE ROUTE,No,True,No,9/23/2024,9/23/2024,16,PGCOPD,2,16,3,No,,Point,16:53,2024,Monday,12,Motor Vehicle In Transport,5,On Roadway,3.0,,,,RAMP 7 FR IS 95 WB TO US 1 SB,,4.0,Entrance/Exit Ramp or Related,39.019633383,1,Daylight,2024-09-23,-76.925978931,N,25.85,F,N,No,,,8F246E9D239A58A5E68C233141C81029FC2F34E67987F77B6BAD434819351A8E,US,1,No,,,,,1.0,Dry,,,No,,,,,,,,,,,,,,,,,,,,,,,,,,,,,,,,,,POINT (-76.925978931 39.019633383)
75130,Prince George's,Property Damage Crashes,MSP757700GC,Maryland State Police,Angle,Principal Arterial – Other,No,No,No,No,BALTIMORE AVE,1.0,UNITED STATE ROUTE,No,True,No,12/20/2024,12/20/2024,16,MSP,1,16,3,Yes,2.0,Point,16:43,2024,Friday,12,Motor Vehicle In Transport,5,On Roadway,3.0,Perpendicular,,,RAMP 7 FR IS 95 WB TO US 1 SB,3.0,5.0,Intersection or Related,39.019646166,1,Daylight,2024-12-20,-76.926016943,N,0.0,F,N,No,,,8F246E9D239A58A5E68C233141C81029FC2F34E67987F77B6BAD434819351A8E,US,1,No,12.0,Motor Vehicle In Transport,5.0,On Roadway,1.0,Dry,1.0,Signalized,No,,,,,,,,,,,,,,,,,,,,,,,,,,,,,,,,,,POINT (-76.92601694299999 39.019646166)
2045,Prince George's,Property Damage Crashes,MSP7419006B,Maryland State Police,"Sideswipe, Same Direction",Principal Arterial – Other,No,No,No,No,BALTIMORE AVE,1.0,UNITED STATE ROUTE,No,True,No,2/21/2024,2/21/2024,23,MSP,7,16,3,No,5.0,Point,23:48,2024,Wednesday,12,Motor Vehicle In Transport,5,On Roadway,3.0,Perpendicular,,,RAMP 7 FR IS 95 WB TO US 1 SB,3.0,5.0,Intersection or Related,39.019652453,3,Dark - Lighted,2024-02-21,-76.926121307,E,0.0,F,N,No,,,8F246E9D239A58A5E68C233141C81029FC2F34E67987F77B6BAD434819351A8E,US,1,No,12.0,Motor Vehicle In Transport,5.0,On Roadway,1.0,Dry,1.0,Signalized,No,,,,,,,,,,,,,,,,,,,,,,,,,,,,,,,,,,POINT (-76.926121307 39.019652453)
86413,Prince George's,Property Damage Crashes,MSP7419009G,Maryland State Police,Other,,No,No,No,No,,594.0,PRIVATE ROAD,No,True,No,9/19/2024,9/19/2024,11,MSP,98,16,3,No,4.0,Point,11:59,2024,Thursday,12,Motor Vehicle In Transport,5,On Roadway,,Perpendicular,,,BALTIMORE AVE (SB/L) RAMP 7 FR IS 95 WB TO US 1 SB,3.0,5.0,Intersection or Related,39.019664638,1,Daylight,2024-09-19,-76.926176131,N,0.0,F,N,No,,,6AA8E45F676E38C6F11692F4A7DCFFA00C0AD487DE02C9C38BB9EF0DF252A7C1,PV,1,No,27.0,Curb,9.0,Roadside,1.0,Dry,1.0,Signalized,No,,,,,,,,,,,,,,,,,,,,,,,,,,,,,,,,,,POINT (-76.92617613100001 39.019664638)
107312,Prince George's,Property Damage Crashes,MSP7778005P,Maryland State Police,Single Vehicle,Principal Arterial – Other,Yes,No,No,No,BALTIMORE AVE (SB/L),1.0,UNITED STATE ROUTE,No,True,No,11/4/2024,11/4/2024,2,MSP,101,16,3,No,2.0,Point,02:30,2024,Monday,41,Utility Pole/Light Support,9,Roadside,3.0,Perpendicular,,,RAMP 7 FR IS 95 WB TO US 1 SB,3.0,5.0,Intersection or Related,39.019679353,3,Dark - Lighted,2024-11-04,-76.926188993,N,0.0,F,N,No,,,0B5654123B77D2584F6ECC6D69E0BEA76383F463EAC2000ED6D31257B047D783,US,1,No,,,,,1.0,Dry,1.0,Signalized,No,,,,,,,,,,,,,,,,,,,,,,,,,,,,,,,,,,POINT (-76.926188993 39.019679353)
3495,Prince George's,Property Damage Crashes,DA3438001B,Prince George's County Police,Front to Rear,Principal Arterial – Other,No,No,No,No,BALTIMORE AVE (SB/L),1.0,UNITED STATE ROUTE,No,True,No,8/29/2024,8/29/2024,17,PGCOPD,3,16,3,No,,Point,17:23,2024,Thursday,12,Motor Vehicle In Transport,5,On Roadway,3.0,,,,,,6.0,Non-Junction,39.019765739,1,Daylight,2024-08-29,-76.926069961,S,36.33,F,N,No,,,A47B96E26E28CEEE9F9C8BCF794EF056CEDA9CD04708E993A305ABB377D55F19,US,1,No,97.0,Not Applicable,,,1.0,Dry,,,No,,,,,,,,,,,,,,,,,,,,,,,,,,,,,,,,,,POINT (-76.926069961 39.019765739)
105827,Prince George's,Property Damage Crashes,DA3713002D,Prince George's County Police,Single Vehicle,,No,No,No,No,,,,No,True,No,1/7/2024,1/7/2024,2,PGCOPD,101,16,3,,,Point,02:00,2024,Sunday,35,"Other Fixed Object (wall, building, tunnel, etc.)",2,In Parking Lane Or Zone,,,,,,,,,39.01980888,3,Dark - Lighted,2024-01-07,-76.929757531,,,F,N,Yes,102.0,Parking Lot Way,,,1,No,35.0,"Other Fixed Object (wall, building, tunnel, etc.)",2.0,In Parking Lane Or Zone,,,,,No,,,,,,,,,,,,,,,,,,,,,,,,,,,,,,,,,,POINT (-76.92975753100001 39.01980888)
60865,Prince George's,Property Damage Crashes,MSP7681006S,Maryland State Police,Single Vehicle,,Yes,No,No,No,,604.0,PRIVATE ROAD,No,True,No,7/5/2024,7/5/2024,3,MSP,101,16,3,No,,Point,03:22,2024,Friday,7,Overturn/Rollover,4,"Off-Roadway, Location Unknown",,,,,,,6.0,Non-Junction,39.019832609,3,Dark - Lighted,2024-07-05,-76.926583133,W,63.99,F,N,No,,,192D617C050E4CC7E34CC0494134435B3016D974AE828426A122423A0C75F60C,PV,1,No,,,,,1.0,Dry,,,No,,,,,,,,,,,,,,,,,,,,,,,,,,,,,,,,,,POINT (-76.92658313299999 39.019832609)
93867,Prince George's,Property Damage Crashes,MSP75140036,Maryland State Police,Rear To Side,Principal Arterial – Other,No,No,No,No,BALTIMORE AVE (SB/L),1.0,UNITED STATE ROUTE,No,True,No,1/31/2024,1/31/2024,6,MSP,5,16,3,No,,Point,06:50,2024,Wednesday,12,Motor Vehicle In Transport,5,On Roadway,3.0,,,,,,99.0,Unknown,39.019907969,1,Daylight,2024-01-31,-76.926084734,S,25.48,F,N,No,,,EF2CDB1C9087E260EC614D909DC08466BD7EA3D629D428C4150A32FB6CE27DDD,US,1,No,12.0,Motor Vehicle In Transport,5.0,On Roadway,1.0,Dry,,,No,,,,,,,,,,,,,,,,,,,,,,,,,,,,,,,,,,POINT (-76.926084734 39.019907969)
61137,Prince George's,Property Damage Crashes,DA4340002J,Prince George's County Police,Single Vehicle,Principal Arterial – Other,No,No,No,No,BALTIMORE AVE,1.0,UNITED STATE ROUTE,No,True,No,4/27/2024,4/27/2024,20,PGCOPD,101,16,3,No,,Point,20:20,2024,Saturday,35,"Other Fixed Object (wall, building, tunnel, etc.)",99,Unknown,3.0,,,,,,99.0,Unknown,39.020312451,5,Dark - Unknown Lighting,2024-04-27,-76.925713913,W,36.11,F,N,No,,,3433DA959D1D6354F254FC08A8E658B27A66B4F2245BF5A72E879361D95CBB6C,US,1,No,,,,,1.0,Dry,,,No,,,,,,,,,,,,,,,,,,,,,,,,,,,,,,,,,,POINT (-76.925713913 39.020312451)
6370,Prince George's,Injury Crashes,DA39650088,Prince George's County Police,Front to Rear,Principal Arterial – Other,No,No,No,No,BALTIMORE AVE (SB/L),1.0,UNITED STATE ROUTE,No,True,No,7/2/2024,7/2/2024,16,PGCOPD,3,16,2,Yes,,Point,16:56,2024,Tuesday,12,Motor Vehicle In Transport,5,On Roadway,3.0,,,,,,99.0,Unknown,39.020395605,1,Daylight,2024-07-02,-76.926343718,N,638.59,F,N,No,,,B719D4C53176E78B5B1596FDBA8FDC0403B8F5B6B63734B33A68ED12E121D10A,US,1,No,,,,,1.0,Dry,,,No,,,,,,,,,,,,,,,,,,,,,,,,,,,,,,,,,,POINT (-76.926343718 39.020395605)
23573,Prince George's,Injury Crashes,DA4304005B,Prince George's County Police,Single Vehicle,,No,No,No,Yes,,,,No,True,No,10/21/2024,10/21/2024,12,PGCOPD,101,16,2,,,Point,12:34,2024,Monday,17,Pedestrian,2,In Parking Lane Or Zone,,,,,,,,,39.02083615,1,Daylight,2024-10-21,-76.927400789,,,F,N,Yes,102.0,Parking Lot Way,,,1,No,,,,,,,,,No,,,,,,,Pedestrian,1e146e97-b388-45f0-9077-e79b475ad44a,DA4304005B,101.0,Cross/Enter Not at Intersection,46.0,WHITE PLAINS,3.0,Right,99.0,Unknown,99.0,Unknown,M,1.0,No,4.0,Possible Injury,98.0,Other,99.0,Unknown,MD,140d0513-623e-4d75-a405-1de7849cdf24,6.0,N,20695,POINT (-76.927400789 39.02083615)
13761,Prince George's,Property Damage Crashes,DA41930073,Prince George's County Police,Rear To Side,,No,No,No,No,,1291.0,COUNTY ROAD,No,True,No,3/3/2024,3/3/2024,15,PGCOPD,5,16,3,Yes,3.0,Point,15:14,2024,Sunday,12,Motor Vehicle In Transport,5,On Roadway,,Perpendicular,,,PADUCAH RD RHODE ISLAND AVE RHODE ISLAND AVE (NB/L),3.0,5.0,Intersection or Related,39.020843992,1,Daylight,2024-03-03,-76.919227893,W,0.0,F,N,No,,,1343770EC3F26D94BC55223C4CCFB178459469B55682C9BD29749AB1D1C9B6F9,CO,1,No,27.0,Curb,9.0,Roadside,1.0,Dry,2.0,Stop - All Way,No,,,,,,,,,,,,,,,,,,,,,,,,,,,,,,,,,,POINT (-76.919227893 39.020843992)
58959,Prince George's,Property Damage Crashes,MSP697200DV,Maryland State Police,Front to Rear,,No,Yes,No,No,IKEA CENTER BLVD,1787.0,PRIVATE ROAD,No,True,No,10/7/2024,10/7/2024,14,MSP,3,16,3,No,4.0,Point,14:52,2024,Monday,12,Motor Vehicle In Transport,5,On Roadway,,Perpendicular,,,BALTIMORE AVE (SB/L),3.0,5.0,Intersection or Related,39.021535301,1,Daylight,2024-10-07,-76.925082914,N,0.0,F,N,No,,,E21A6EC1BDC3C7539EC00B04458680746DCD56EB8DC8C369D984CB927D86C2C0,PV,1,No,,,,,1.0,Dry,1.0,Signalized,No,,,,,,,,,,,,,,,,,,,,,,,,,,,,,,,,,,POINT (-76.925082914 39.021535301)
14973,Prince George's,Injury Crashes,DA4069008H,Prince George's County Police,Single Vehicle,,No,No,No,Yes,IKEA CENTER BLVD,1787.0,PRIVATE ROAD,No,True,No,1/25/2024,1/25/2024,17,PGCOPD,101,16,2,Yes,,Point,17:34,2024,Thursday,17,Pedestrian,5,On Roadway,,,,,,,99.0,Unknown,39.021621123,3,Dark - Lighted,2024-01-25,-76.925283686,N,26.43,F,N,No,,,55BE07F0BB80172492A3142C099320802AB024CCC781D53B4B77347B9E5385DE,PV,1,No,,,,,9.0,Wet,,,No,,,,,,,Pedestrian,c4ddb672-77ef-46d4-875c-524d56eb7f40,DA4069008H,100.0,Cross/Enter at Intersection,22.0,SILVER SPRING,6.0,Rear,0.0,Not Distracted,,,F,4.0,Police,4.0,Possible Injury,1.0,Intersection – Marked Crosswalk,97.0,Not Applicable,MD,f426abb4-b913-4829-b32e-51e6bcfeedd7,6.0,N,20902,POINT (-76.925283686 39.021621123)
89129,Prince George's,Property Damage Crashes,DA41930079,Prince George's County Police,Single Vehicle,,No,No,No,No,,,,No,True,No,7/29/2024,7/29/2024,21,PGCOPD,101,16,3,,,Point,21:18,2024,Monday,37,Other Traffic Barrier,4,"Off-Roadway, Location Unknown",,,,,,,,,39.021664717,3,Dark - Lighted,2024-07-29,-76.929287524,,,F,N,Yes,102.0,Parking Lot Way,,,1,No,,,,,,,,,No,,,,,,,,,,,,,,,,,,,,,,,,,,,,,,,,,,POINT (-76.929287524 39.021664717)
75486,Prince George's,Property Damage Crashes,DA40690098,Prince George's County Police,Front to Front,,No,No,No,No,,,,No,True,No,7/23/2024,7/23/2024,12,PGCOPD,2,16,3,,,Point,12:19,2024,Tuesday,12,Motor Vehicle In Transport,5,On Roadway,,,,,,,,,39.022238723,1,Daylight,2024-07-23,-76.925896861,,,F,N,Yes,102.0,Parking Lot Way,,,1,No,,,,,,,,,No,,,,,,,,,,,,,,,,,,,,,,,,,,,,,,,,,,POINT (-76.925896861 39.022238723)
22930,Prince George's,Property Damage Crashes,DA306200DG,Prince George's County Police,Other,,No,No,No,No,,,,No,True,No,12/7/2024,12/7/2024,21,PGCOPD,98,16,3,,,Point,21:00,2024,Saturday,12,Motor Vehicle In Transport,2,In Parking Lane Or Zone,,,,,,,,,39.022815126,3,Dark - Lighted,2024-12-07,-76.925708599,,,F,N,Yes,101.0,Parking Aisle,,,1,No,,,,,,,,,No,,,,,,,,,,,,,,,,,,,,,,,,,,,,,,,,,,POINT (-76.925708599 39.022815126)
70137,Prince George's,Property Damage Crashes,DA4060005Y,Prince George's County Police,Front to Rear,,No,No,No,No,,1814.0,PRIVATE ROAD,No,True,No,6/13/2024,6/13/2024,19,PGCOPD,3,16,3,No,,Point,19:55,2024,Thursday,12,Motor Vehicle In Transport,5,On Roadway,,,,,,,6.0,Non-Junction,39.022961434,1,Daylight,2024-06-13,-76.925960248,N,24.51,F,N,No,,,259A6C53FC7DB1FAB743FDFEDDCCD54B96AC1737B9BE0F481A3E61748D08A35C,PV,1,No,,,,,1.0,Dry,,,No,,,,,,,,,,,,,,,,,,,,,,,,,,,,,,,,,,POINT (-76.925960248 39.022961434)
52352,Prince George's,Property Damage Crashes,MSP7865000M,Maryland State Police,Front to Rear,,No,No,No,No,,1833.0,PRIVATE ROAD,No,True,No,12/20/2024,12/20/2024,19,MSP,3,16,3,No,,Point,19:34,2024,Friday,12,Motor Vehicle In Transport,5,On Roadway,,,,,,,6.0,Non-Junction,39.023174078,3,Dark - Lighted,2024-12-20,-76.924923959,N,10.9,F,N,No,,,F417F4524D789507B19B189A9E50F414B0B4AEEF4C485283F6F999EC0D03F47A,PV,1,No,,,,,1.0,Dry,,,No,,,,,,,,,,,,,,,,,,,,,,,,,,,,,,,,,,POINT (-76.924923959 39.023174078)